condition,menu,method,deployment_episodes,price_per_calibration_workflow,runtime_j_per_episode,startup_proxy_per_episode,standalone_calibration_workflows,amortized_proxy_per_episode,scope
data_shift,shared,any_exact,10,0.0,1.234375,0.3,0.0,1.534375,hypothetical_cost_sensitivity_not_currency_or_measured_deployment
data_shift,shared,any_exact,10,0.001,1.234375,0.3,0.0,1.534375,hypothetical_cost_sensitivity_not_currency_or_measured_deployment
data_shift,shared,any_exact,10,0.01,1.234375,0.3,0.0,1.534375,hypothetical_cost_sensitivity_not_currency_or_measured_deployment
data_shift,shared,any_exact,100,0.0,1.234375,0.3,0.0,1.534375,hypothetical_cost_sensitivity_not_currency_or_measured_deployment
data_shift,shared,any_exact,100,0.001,1.234375,0.3,0.0,1.534375,hypothetical_cost_sensitivity_not_currency_or_measured_deployment
data_shift,shared,any_exact,100,0.01,1.234375,0.3,0.0,1.534375,hypothetical_cost_sensitivity_not_currency_or_measured_deployment
data_shift,shared,any_exact,1000,0.0,1.234375,0.3,0.0,1.534375,hypothetical_cost_sensitivity_not_currency_or_measured_deployment
data_shift,shared,any_exact,1000,0.001,1.234375,0.3,0.0,1.534375,hypothetical_cost_sensitivity_not_currency_or_measured_deployment
data_shift,shared,any_exact,1000,0.01,1.234375,0.3,0.0,1.534375,hypothetical_cost_sensitivity_not_currency_or_measured_deployment
data_shift,shared,decision_16,10,0.0,1.3671875,0.3,1648.0,1.6671875,hypothetical_cost_sensitivity_not_currency_or_measured_deployment
data_shift,shared,decision_16,10,0.001,1.3671875,0.3,1648.0,1.8319875,hypothetical_cost_sensitivity_not_currency_or_measured_deployment
data_shift,shared,decision_16,10,0.01,1.3671875,0.3,1648.0,3.3151875000000004,hypothetical_cost_sensitivity_not_currency_or_measured_deployment
data_shift,shared,decision_16,100,0.0,1.3671875,0.3,1648.0,1.6671875,hypothetical_cost_sensitivity_not_currency_or_measured_deployment
data_shift,shared,decision_16,100,0.001,1.3671875,0.3,1648.0,1.6836675,hypothetical_cost_sensitivity_not_currency_or_measured_deployment
data_shift,shared,decision_16,100,0.01,1.3671875,0.3,1648.0,1.8319875,hypothetical_cost_sensitivity_not_currency_or_measured_deployment
data_shift,shared,decision_16,1000,0.0,1.3671875,0.3,1648.0,1.6671875,hypothetical_cost_sensitivity_not_currency_or_measured_deployment
data_shift,shared,decision_16,1000,0.001,1.3671875,0.3,1648.0,1.6688355000000001,hypothetical_cost_sensitivity_not_currency_or_measured_deployment
data_shift,shared,decision_16,1000,0.01,1.3671875,0.3,1648.0,1.6836675,hypothetical_cost_sensitivity_not_currency_or_measured_deployment
data_shift,shared,decision_32,10,0.0,1.3671875,0.3,1904.0,1.6671875,hypothetical_cost_sensitivity_not_currency_or_measured_deployment
data_shift,shared,decision_32,10,0.001,1.3671875,0.3,1904.0,1.8575875000000002,hypothetical_cost_sensitivity_not_currency_or_measured_deployment
data_shift,shared,decision_32,10,0.01,1.3671875,0.3,1904.0,3.5711874999999997,hypothetical_cost_sensitivity_not_currency_or_measured_deployment
data_shift,shared,decision_32,100,0.0,1.3671875,0.3,1904.0,1.6671875,hypothetical_cost_sensitivity_not_currency_or_measured_deployment
data_shift,shared,decision_32,100,0.001,1.3671875,0.3,1904.0,1.6862275,hypothetical_cost_sensitivity_not_currency_or_measured_deployment
data_shift,shared,decision_32,100,0.01,1.3671875,0.3,1904.0,1.8575875,hypothetical_cost_sensitivity_not_currency_or_measured_deployment
data_shift,shared,decision_32,1000,0.0,1.3671875,0.3,1904.0,1.6671875,hypothetical_cost_sensitivity_not_currency_or_measured_deployment
data_shift,shared,decision_32,1000,0.001,1.3671875,0.3,1904.0,1.6690915,hypothetical_cost_sensitivity_not_currency_or_measured_deployment
data_shift,shared,decision_32,1000,0.01,1.3671875,0.3,1904.0,1.6862275,hypothetical_cost_sensitivity_not_currency_or_measured_deployment
data_shift,shared,full_joint,10,0.0,1.275,0.3,2992.0,1.575,hypothetical_cost_sensitivity_not_currency_or_measured_deployment
data_shift,shared,full_joint,10,0.001,1.275,0.3,2992.0,1.8742,hypothetical_cost_sensitivity_not_currency_or_measured_deployment
data_shift,shared,full_joint,10,0.01,1.275,0.3,2992.0,4.567,hypothetical_cost_sensitivity_not_currency_or_measured_deployment
data_shift,shared,full_joint,100,0.0,1.275,0.3,2992.0,1.575,hypothetical_cost_sensitivity_not_currency_or_measured_deployment
data_shift,shared,full_joint,100,0.001,1.275,0.3,2992.0,1.60492,hypothetical_cost_sensitivity_not_currency_or_measured_deployment
data_shift,shared,full_joint,100,0.01,1.275,0.3,2992.0,1.8742,hypothetical_cost_sensitivity_not_currency_or_measured_deployment
data_shift,shared,full_joint,1000,0.0,1.275,0.3,2992.0,1.575,hypothetical_cost_sensitivity_not_currency_or_measured_deployment
data_shift,shared,full_joint,1000,0.001,1.275,0.3,2992.0,1.577992,hypothetical_cost_sensitivity_not_currency_or_measured_deployment
data_shift,shared,full_joint,1000,0.01,1.275,0.3,2992.0,1.60492,hypothetical_cost_sensitivity_not_currency_or_measured_deployment
data_shift,shared,never,10,0.0,2.5,0.3,0.0,2.8,hypothetical_cost_sensitivity_not_currency_or_measured_deployment
data_shift,shared,never,10,0.001,2.5,0.3,0.0,2.8,hypothetical_cost_sensitivity_not_currency_or_measured_deployment
data_shift,shared,never,10,0.01,2.5,0.3,0.0,2.8,hypothetical_cost_sensitivity_not_currency_or_measured_deployment
data_shift,shared,never,100,0.0,2.5,0.3,0.0,2.8,hypothetical_cost_sensitivity_not_currency_or_measured_deployment
data_shift,shared,never,100,0.001,2.5,0.3,0.0,2.8,hypothetical_cost_sensitivity_not_currency_or_measured_deployment
data_shift,shared,never,100,0.01,2.5,0.3,0.0,2.8,hypothetical_cost_sensitivity_not_currency_or_measured_deployment
data_shift,shared,never,1000,0.0,2.5,0.3,0.0,2.8,hypothetical_cost_sensitivity_not_currency_or_measured_deployment
data_shift,shared,never,1000,0.001,2.5,0.3,0.0,2.8,hypothetical_cost_sensitivity_not_currency_or_measured_deployment
data_shift,shared,never,1000,0.01,2.5,0.3,0.0,2.8,hypothetical_cost_sensitivity_not_currency_or_measured_deployment
data_shift,shared,occupancy_16,10,0.0,1.3671875,0.3,1648.0,1.6671875,hypothetical_cost_sensitivity_not_currency_or_measured_deployment
data_shift,shared,occupancy_16,10,0.001,1.3671875,0.3,1648.0,1.8319875,hypothetical_cost_sensitivity_not_currency_or_measured_deployment
data_shift,shared,occupancy_16,10,0.01,1.3671875,0.3,1648.0,3.3151875000000004,hypothetical_cost_sensitivity_not_currency_or_measured_deployment
data_shift,shared,occupancy_16,100,0.0,1.3671875,0.3,1648.0,1.6671875,hypothetical_cost_sensitivity_not_currency_or_measured_deployment
data_shift,shared,occupancy_16,100,0.001,1.3671875,0.3,1648.0,1.6836675,hypothetical_cost_sensitivity_not_currency_or_measured_deployment
data_shift,shared,occupancy_16,100,0.01,1.3671875,0.3,1648.0,1.8319875,hypothetical_cost_sensitivity_not_currency_or_measured_deployment
data_shift,shared,occupancy_16,1000,0.0,1.3671875,0.3,1648.0,1.6671875,hypothetical_cost_sensitivity_not_currency_or_measured_deployment
data_shift,shared,occupancy_16,1000,0.001,1.3671875,0.3,1648.0,1.6688355000000001,hypothetical_cost_sensitivity_not_currency_or_measured_deployment
data_shift,shared,occupancy_16,1000,0.01,1.3671875,0.3,1648.0,1.6836675,hypothetical_cost_sensitivity_not_currency_or_measured_deployment
data_shift,shared,occupancy_32,10,0.0,1.275,0.3,1904.0,1.575,hypothetical_cost_sensitivity_not_currency_or_measured_deployment
data_shift,shared,occupancy_32,10,0.001,1.275,0.3,1904.0,1.7654,hypothetical_cost_sensitivity_not_currency_or_measured_deployment
data_shift,shared,occupancy_32,10,0.01,1.275,0.3,1904.0,3.479,hypothetical_cost_sensitivity_not_currency_or_measured_deployment
data_shift,shared,occupancy_32,100,0.0,1.275,0.3,1904.0,1.575,hypothetical_cost_sensitivity_not_currency_or_measured_deployment
data_shift,shared,occupancy_32,100,0.001,1.275,0.3,1904.0,1.59404,hypothetical_cost_sensitivity_not_currency_or_measured_deployment
data_shift,shared,occupancy_32,100,0.01,1.275,0.3,1904.0,1.7653999999999999,hypothetical_cost_sensitivity_not_currency_or_measured_deployment
data_shift,shared,occupancy_32,1000,0.0,1.275,0.3,1904.0,1.575,hypothetical_cost_sensitivity_not_currency_or_measured_deployment
data_shift,shared,occupancy_32,1000,0.001,1.275,0.3,1904.0,1.5769039999999999,hypothetical_cost_sensitivity_not_currency_or_measured_deployment
data_shift,shared,occupancy_32,1000,0.01,1.275,0.3,1904.0,1.59404,hypothetical_cost_sensitivity_not_currency_or_measured_deployment
data_shift,shared,random_16,10,0.0,1.153125,0.3,1648.0,1.453125,hypothetical_cost_sensitivity_not_currency_or_measured_deployment
data_shift,shared,random_16,10,0.001,1.153125,0.3,1648.0,1.617925,hypothetical_cost_sensitivity_not_currency_or_measured_deployment
data_shift,shared,random_16,10,0.01,1.153125,0.3,1648.0,3.101125,hypothetical_cost_sensitivity_not_currency_or_measured_deployment
data_shift,shared,random_16,100,0.0,1.153125,0.3,1648.0,1.453125,hypothetical_cost_sensitivity_not_currency_or_measured_deployment
data_shift,shared,random_16,100,0.001,1.153125,0.3,1648.0,1.469605,hypothetical_cost_sensitivity_not_currency_or_measured_deployment
data_shift,shared,random_16,100,0.01,1.153125,0.3,1648.0,1.617925,hypothetical_cost_sensitivity_not_currency_or_measured_deployment
data_shift,shared,random_16,1000,0.0,1.153125,0.3,1648.0,1.453125,hypothetical_cost_sensitivity_not_currency_or_measured_deployment
data_shift,shared,random_16,1000,0.001,1.153125,0.3,1648.0,1.454773,hypothetical_cost_sensitivity_not_currency_or_measured_deployment
data_shift,shared,random_16,1000,0.01,1.153125,0.3,1648.0,1.469605,hypothetical_cost_sensitivity_not_currency_or_measured_deployment
data_shift,shared,random_32,10,0.0,1.153125,0.3,1904.0,1.453125,hypothetical_cost_sensitivity_not_currency_or_measured_deployment
data_shift,shared,random_32,10,0.001,1.153125,0.3,1904.0,1.643525,hypothetical_cost_sensitivity_not_currency_or_measured_deployment
data_shift,shared,random_32,10,0.01,1.153125,0.3,1904.0,3.357125,hypothetical_cost_sensitivity_not_currency_or_measured_deployment
data_shift,shared,random_32,100,0.0,1.153125,0.3,1904.0,1.453125,hypothetical_cost_sensitivity_not_currency_or_measured_deployment
data_shift,shared,random_32,100,0.001,1.153125,0.3,1904.0,1.472165,hypothetical_cost_sensitivity_not_currency_or_measured_deployment
data_shift,shared,random_32,100,0.01,1.153125,0.3,1904.0,1.643525,hypothetical_cost_sensitivity_not_currency_or_measured_deployment
data_shift,shared,random_32,1000,0.0,1.153125,0.3,1904.0,1.453125,hypothetical_cost_sensitivity_not_currency_or_measured_deployment
data_shift,shared,random_32,1000,0.001,1.153125,0.3,1904.0,1.455029,hypothetical_cost_sensitivity_not_currency_or_measured_deployment
data_shift,shared,random_32,1000,0.01,1.153125,0.3,1904.0,1.472165,hypothetical_cost_sensitivity_not_currency_or_measured_deployment
data_shift,shared,single_only,10,0.0,1.2453125,0.3,1392.0,1.5453125,hypothetical_cost_sensitivity_not_currency_or_measured_deployment
data_shift,shared,single_only,10,0.001,1.2453125,0.3,1392.0,1.6845125,hypothetical_cost_sensitivity_not_currency_or_measured_deployment
data_shift,shared,single_only,10,0.01,1.2453125,0.3,1392.0,2.9373125,hypothetical_cost_sensitivity_not_currency_or_measured_deployment
data_shift,shared,single_only,100,0.0,1.2453125,0.3,1392.0,1.5453125,hypothetical_cost_sensitivity_not_currency_or_measured_deployment
data_shift,shared,single_only,100,0.001,1.2453125,0.3,1392.0,1.5592325,hypothetical_cost_sensitivity_not_currency_or_measured_deployment
data_shift,shared,single_only,100,0.01,1.2453125,0.3,1392.0,1.6845125,hypothetical_cost_sensitivity_not_currency_or_measured_deployment
data_shift,shared,single_only,1000,0.0,1.2453125,0.3,1392.0,1.5453125,hypothetical_cost_sensitivity_not_currency_or_measured_deployment
data_shift,shared,single_only,1000,0.001,1.2453125,0.3,1392.0,1.5467045000000001,hypothetical_cost_sensitivity_not_currency_or_measured_deployment
data_shift,shared,single_only,1000,0.01,1.2453125,0.3,1392.0,1.5592325,hypothetical_cost_sensitivity_not_currency_or_measured_deployment
data_shift,single,any_exact,10,0.0,1.5875,0.3,0.0,1.8875,hypothetical_cost_sensitivity_not_currency_or_measured_deployment
data_shift,single,any_exact,10,0.001,1.5875,0.3,0.0,1.8875,hypothetical_cost_sensitivity_not_currency_or_measured_deployment
data_shift,single,any_exact,10,0.01,1.5875,0.3,0.0,1.8875,hypothetical_cost_sensitivity_not_currency_or_measured_deployment
data_shift,single,any_exact,100,0.0,1.5875,0.3,0.0,1.8875,hypothetical_cost_sensitivity_not_currency_or_measured_deployment
data_shift,single,any_exact,100,0.001,1.5875,0.3,0.0,1.8875,hypothetical_cost_sensitivity_not_currency_or_measured_deployment
data_shift,single,any_exact,100,0.01,1.5875,0.3,0.0,1.8875,hypothetical_cost_sensitivity_not_currency_or_measured_deployment
data_shift,single,any_exact,1000,0.0,1.5875,0.3,0.0,1.8875,hypothetical_cost_sensitivity_not_currency_or_measured_deployment
data_shift,single,any_exact,1000,0.001,1.5875,0.3,0.0,1.8875,hypothetical_cost_sensitivity_not_currency_or_measured_deployment
data_shift,single,any_exact,1000,0.01,1.5875,0.3,0.0,1.8875,hypothetical_cost_sensitivity_not_currency_or_measured_deployment
data_shift,single,decision_16,10,0.0,1.5375,0.3,1648.0,1.8375000000000001,hypothetical_cost_sensitivity_not_currency_or_measured_deployment
data_shift,single,decision_16,10,0.001,1.5375,0.3,1648.0,2.0023,hypothetical_cost_sensitivity_not_currency_or_measured_deployment
data_shift,single,decision_16,10,0.01,1.5375,0.3,1648.0,3.4855,hypothetical_cost_sensitivity_not_currency_or_measured_deployment
data_shift,single,decision_16,100,0.0,1.5375,0.3,1648.0,1.8375000000000001,hypothetical_cost_sensitivity_not_currency_or_measured_deployment
data_shift,single,decision_16,100,0.001,1.5375,0.3,1648.0,1.8539800000000002,hypothetical_cost_sensitivity_not_currency_or_measured_deployment
data_shift,single,decision_16,100,0.01,1.5375,0.3,1648.0,2.0023,hypothetical_cost_sensitivity_not_currency_or_measured_deployment
data_shift,single,decision_16,1000,0.0,1.5375,0.3,1648.0,1.8375000000000001,hypothetical_cost_sensitivity_not_currency_or_measured_deployment
data_shift,single,decision_16,1000,0.001,1.5375,0.3,1648.0,1.8391480000000002,hypothetical_cost_sensitivity_not_currency_or_measured_deployment
data_shift,single,decision_16,1000,0.01,1.5375,0.3,1648.0,1.8539800000000002,hypothetical_cost_sensitivity_not_currency_or_measured_deployment
data_shift,single,decision_32,10,0.0,1.5375,0.3,1904.0,1.8375000000000001,hypothetical_cost_sensitivity_not_currency_or_measured_deployment
data_shift,single,decision_32,10,0.001,1.5375,0.3,1904.0,2.0279000000000003,hypothetical_cost_sensitivity_not_currency_or_measured_deployment
data_shift,single,decision_32,10,0.01,1.5375,0.3,1904.0,3.7415000000000003,hypothetical_cost_sensitivity_not_currency_or_measured_deployment
data_shift,single,decision_32,100,0.0,1.5375,0.3,1904.0,1.8375000000000001,hypothetical_cost_sensitivity_not_currency_or_measured_deployment
data_shift,single,decision_32,100,0.001,1.5375,0.3,1904.0,1.85654,hypothetical_cost_sensitivity_not_currency_or_measured_deployment
data_shift,single,decision_32,100,0.01,1.5375,0.3,1904.0,2.0279000000000003,hypothetical_cost_sensitivity_not_currency_or_measured_deployment
data_shift,single,decision_32,1000,0.0,1.5375,0.3,1904.0,1.8375000000000001,hypothetical_cost_sensitivity_not_currency_or_measured_deployment
data_shift,single,decision_32,1000,0.001,1.5375,0.3,1904.0,1.839404,hypothetical_cost_sensitivity_not_currency_or_measured_deployment
data_shift,single,decision_32,1000,0.01,1.5375,0.3,1904.0,1.85654,hypothetical_cost_sensitivity_not_currency_or_measured_deployment
data_shift,single,full_joint,10,0.0,1.5375,0.3,2992.0,1.8375000000000001,hypothetical_cost_sensitivity_not_currency_or_measured_deployment
data_shift,single,full_joint,10,0.001,1.5375,0.3,2992.0,2.1367000000000003,hypothetical_cost_sensitivity_not_currency_or_measured_deployment
data_shift,single,full_joint,10,0.01,1.5375,0.3,2992.0,4.8295,hypothetical_cost_sensitivity_not_currency_or_measured_deployment
data_shift,single,full_joint,100,0.0,1.5375,0.3,2992.0,1.8375000000000001,hypothetical_cost_sensitivity_not_currency_or_measured_deployment
data_shift,single,full_joint,100,0.001,1.5375,0.3,2992.0,1.86742,hypothetical_cost_sensitivity_not_currency_or_measured_deployment
data_shift,single,full_joint,100,0.01,1.5375,0.3,2992.0,2.1367000000000003,hypothetical_cost_sensitivity_not_currency_or_measured_deployment
data_shift,single,full_joint,1000,0.0,1.5375,0.3,2992.0,1.8375000000000001,hypothetical_cost_sensitivity_not_currency_or_measured_deployment
data_shift,single,full_joint,1000,0.001,1.5375,0.3,2992.0,1.8404920000000002,hypothetical_cost_sensitivity_not_currency_or_measured_deployment
data_shift,single,full_joint,1000,0.01,1.5375,0.3,2992.0,1.86742,hypothetical_cost_sensitivity_not_currency_or_measured_deployment
data_shift,single,never,10,0.0,2.5,0.3,0.0,2.8,hypothetical_cost_sensitivity_not_currency_or_measured_deployment
data_shift,single,never,10,0.001,2.5,0.3,0.0,2.8,hypothetical_cost_sensitivity_not_currency_or_measured_deployment
data_shift,single,never,10,0.01,2.5,0.3,0.0,2.8,hypothetical_cost_sensitivity_not_currency_or_measured_deployment
data_shift,single,never,100,0.0,2.5,0.3,0.0,2.8,hypothetical_cost_sensitivity_not_currency_or_measured_deployment
data_shift,single,never,100,0.001,2.5,0.3,0.0,2.8,hypothetical_cost_sensitivity_not_currency_or_measured_deployment
data_shift,single,never,100,0.01,2.5,0.3,0.0,2.8,hypothetical_cost_sensitivity_not_currency_or_measured_deployment
data_shift,single,never,1000,0.0,2.5,0.3,0.0,2.8,hypothetical_cost_sensitivity_not_currency_or_measured_deployment
data_shift,single,never,1000,0.001,2.5,0.3,0.0,2.8,hypothetical_cost_sensitivity_not_currency_or_measured_deployment
data_shift,single,never,1000,0.01,2.5,0.3,0.0,2.8,hypothetical_cost_sensitivity_not_currency_or_measured_deployment
data_shift,single,occupancy_16,10,0.0,1.5375,0.3,1648.0,1.8375000000000001,hypothetical_cost_sensitivity_not_currency_or_measured_deployment
data_shift,single,occupancy_16,10,0.001,1.5375,0.3,1648.0,2.0023,hypothetical_cost_sensitivity_not_currency_or_measured_deployment
data_shift,single,occupancy_16,10,0.01,1.5375,0.3,1648.0,3.4855,hypothetical_cost_sensitivity_not_currency_or_measured_deployment
data_shift,single,occupancy_16,100,0.0,1.5375,0.3,1648.0,1.8375000000000001,hypothetical_cost_sensitivity_not_currency_or_measured_deployment
data_shift,single,occupancy_16,100,0.001,1.5375,0.3,1648.0,1.8539800000000002,hypothetical_cost_sensitivity_not_currency_or_measured_deployment
data_shift,single,occupancy_16,100,0.01,1.5375,0.3,1648.0,2.0023,hypothetical_cost_sensitivity_not_currency_or_measured_deployment
data_shift,single,occupancy_16,1000,0.0,1.5375,0.3,1648.0,1.8375000000000001,hypothetical_cost_sensitivity_not_currency_or_measured_deployment
data_shift,single,occupancy_16,1000,0.001,1.5375,0.3,1648.0,1.8391480000000002,hypothetical_cost_sensitivity_not_currency_or_measured_deployment
data_shift,single,occupancy_16,1000,0.01,1.5375,0.3,1648.0,1.8539800000000002,hypothetical_cost_sensitivity_not_currency_or_measured_deployment
data_shift,single,occupancy_32,10,0.0,1.5375,0.3,1904.0,1.8375000000000001,hypothetical_cost_sensitivity_not_currency_or_measured_deployment
data_shift,single,occupancy_32,10,0.001,1.5375,0.3,1904.0,2.0279000000000003,hypothetical_cost_sensitivity_not_currency_or_measured_deployment
data_shift,single,occupancy_32,10,0.01,1.5375,0.3,1904.0,3.7415000000000003,hypothetical_cost_sensitivity_not_currency_or_measured_deployment
data_shift,single,occupancy_32,100,0.0,1.5375,0.3,1904.0,1.8375000000000001,hypothetical_cost_sensitivity_not_currency_or_measured_deployment
data_shift,single,occupancy_32,100,0.001,1.5375,0.3,1904.0,1.85654,hypothetical_cost_sensitivity_not_currency_or_measured_deployment
data_shift,single,occupancy_32,100,0.01,1.5375,0.3,1904.0,2.0279000000000003,hypothetical_cost_sensitivity_not_currency_or_measured_deployment
data_shift,single,occupancy_32,1000,0.0,1.5375,0.3,1904.0,1.8375000000000001,hypothetical_cost_sensitivity_not_currency_or_measured_deployment
data_shift,single,occupancy_32,1000,0.001,1.5375,0.3,1904.0,1.839404,hypothetical_cost_sensitivity_not_currency_or_measured_deployment
data_shift,single,occupancy_32,1000,0.01,1.5375,0.3,1904.0,1.85654,hypothetical_cost_sensitivity_not_currency_or_measured_deployment
data_shift,single,random_16,10,0.0,1.415625,0.3,1648.0,1.715625,hypothetical_cost_sensitivity_not_currency_or_measured_deployment
data_shift,single,random_16,10,0.001,1.415625,0.3,1648.0,1.880425,hypothetical_cost_sensitivity_not_currency_or_measured_deployment
data_shift,single,random_16,10,0.01,1.415625,0.3,1648.0,3.363625,hypothetical_cost_sensitivity_not_currency_or_measured_deployment
data_shift,single,random_16,100,0.0,1.415625,0.3,1648.0,1.715625,hypothetical_cost_sensitivity_not_currency_or_measured_deployment
data_shift,single,random_16,100,0.001,1.415625,0.3,1648.0,1.732105,hypothetical_cost_sensitivity_not_currency_or_measured_deployment
data_shift,single,random_16,100,0.01,1.415625,0.3,1648.0,1.880425,hypothetical_cost_sensitivity_not_currency_or_measured_deployment
data_shift,single,random_16,1000,0.0,1.415625,0.3,1648.0,1.715625,hypothetical_cost_sensitivity_not_currency_or_measured_deployment
data_shift,single,random_16,1000,0.001,1.415625,0.3,1648.0,1.717273,hypothetical_cost_sensitivity_not_currency_or_measured_deployment
data_shift,single,random_16,1000,0.01,1.415625,0.3,1648.0,1.732105,hypothetical_cost_sensitivity_not_currency_or_measured_deployment
data_shift,single,random_32,10,0.0,1.415625,0.3,1904.0,1.715625,hypothetical_cost_sensitivity_not_currency_or_measured_deployment
data_shift,single,random_32,10,0.001,1.415625,0.3,1904.0,1.906025,hypothetical_cost_sensitivity_not_currency_or_measured_deployment
data_shift,single,random_32,10,0.01,1.415625,0.3,1904.0,3.619625,hypothetical_cost_sensitivity_not_currency_or_measured_deployment
data_shift,single,random_32,100,0.0,1.415625,0.3,1904.0,1.715625,hypothetical_cost_sensitivity_not_currency_or_measured_deployment
data_shift,single,random_32,100,0.001,1.415625,0.3,1904.0,1.734665,hypothetical_cost_sensitivity_not_currency_or_measured_deployment
data_shift,single,random_32,100,0.01,1.415625,0.3,1904.0,1.9060249999999999,hypothetical_cost_sensitivity_not_currency_or_measured_deployment
data_shift,single,random_32,1000,0.0,1.415625,0.3,1904.0,1.715625,hypothetical_cost_sensitivity_not_currency_or_measured_deployment
data_shift,single,random_32,1000,0.001,1.415625,0.3,1904.0,1.7175289999999999,hypothetical_cost_sensitivity_not_currency_or_measured_deployment
data_shift,single,random_32,1000,0.01,1.415625,0.3,1904.0,1.734665,hypothetical_cost_sensitivity_not_currency_or_measured_deployment
data_shift,single,single_only,10,0.0,1.415625,0.3,1392.0,1.715625,hypothetical_cost_sensitivity_not_currency_or_measured_deployment
data_shift,single,single_only,10,0.001,1.415625,0.3,1392.0,1.854825,hypothetical_cost_sensitivity_not_currency_or_measured_deployment
data_shift,single,single_only,10,0.01,1.415625,0.3,1392.0,3.1076249999999996,hypothetical_cost_sensitivity_not_currency_or_measured_deployment
data_shift,single,single_only,100,0.0,1.415625,0.3,1392.0,1.715625,hypothetical_cost_sensitivity_not_currency_or_measured_deployment
data_shift,single,single_only,100,0.001,1.415625,0.3,1392.0,1.7295449999999999,hypothetical_cost_sensitivity_not_currency_or_measured_deployment
data_shift,single,single_only,100,0.01,1.415625,0.3,1392.0,1.854825,hypothetical_cost_sensitivity_not_currency_or_measured_deployment
data_shift,single,single_only,1000,0.0,1.415625,0.3,1392.0,1.715625,hypothetical_cost_sensitivity_not_currency_or_measured_deployment
data_shift,single,single_only,1000,0.001,1.415625,0.3,1392.0,1.717017,hypothetical_cost_sensitivity_not_currency_or_measured_deployment
data_shift,single,single_only,1000,0.01,1.415625,0.3,1392.0,1.7295449999999999,hypothetical_cost_sensitivity_not_currency_or_measured_deployment
fast_drift,shared,any_exact,10,0.0,2.8265625,0.3,0.0,3.1265625000000004,hypothetical_cost_sensitivity_not_currency_or_measured_deployment
fast_drift,shared,any_exact,10,0.001,2.8265625,0.3,0.0,3.1265625000000004,hypothetical_cost_sensitivity_not_currency_or_measured_deployment
fast_drift,shared,any_exact,10,0.01,2.8265625,0.3,0.0,3.1265625000000004,hypothetical_cost_sensitivity_not_currency_or_measured_deployment
fast_drift,shared,any_exact,100,0.0,2.8265625,0.3,0.0,3.1265625000000004,hypothetical_cost_sensitivity_not_currency_or_measured_deployment
fast_drift,shared,any_exact,100,0.001,2.8265625,0.3,0.0,3.1265625000000004,hypothetical_cost_sensitivity_not_currency_or_measured_deployment
fast_drift,shared,any_exact,100,0.01,2.8265625,0.3,0.0,3.1265625000000004,hypothetical_cost_sensitivity_not_currency_or_measured_deployment
fast_drift,shared,any_exact,1000,0.0,2.8265625,0.3,0.0,3.1265625000000004,hypothetical_cost_sensitivity_not_currency_or_measured_deployment
fast_drift,shared,any_exact,1000,0.001,2.8265625,0.3,0.0,3.1265625000000004,hypothetical_cost_sensitivity_not_currency_or_measured_deployment
fast_drift,shared,any_exact,1000,0.01,2.8265625,0.3,0.0,3.1265625000000004,hypothetical_cost_sensitivity_not_currency_or_measured_deployment
fast_drift,shared,decision_16,10,0.0,2.6625,0.3,1648.0,2.9625000000000004,hypothetical_cost_sensitivity_not_currency_or_measured_deployment
fast_drift,shared,decision_16,10,0.001,2.6625,0.3,1648.0,3.1273000000000004,hypothetical_cost_sensitivity_not_currency_or_measured_deployment
fast_drift,shared,decision_16,10,0.01,2.6625,0.3,1648.0,4.6105,hypothetical_cost_sensitivity_not_currency_or_measured_deployment
fast_drift,shared,decision_16,100,0.0,2.6625,0.3,1648.0,2.9625000000000004,hypothetical_cost_sensitivity_not_currency_or_measured_deployment
fast_drift,shared,decision_16,100,0.001,2.6625,0.3,1648.0,2.9789800000000004,hypothetical_cost_sensitivity_not_currency_or_measured_deployment
fast_drift,shared,decision_16,100,0.01,2.6625,0.3,1648.0,3.1273000000000004,hypothetical_cost_sensitivity_not_currency_or_measured_deployment
fast_drift,shared,decision_16,1000,0.0,2.6625,0.3,1648.0,2.9625000000000004,hypothetical_cost_sensitivity_not_currency_or_measured_deployment
fast_drift,shared,decision_16,1000,0.001,2.6625,0.3,1648.0,2.9641480000000002,hypothetical_cost_sensitivity_not_currency_or_measured_deployment
fast_drift,shared,decision_16,1000,0.01,2.6625,0.3,1648.0,2.9789800000000004,hypothetical_cost_sensitivity_not_currency_or_measured_deployment
fast_drift,shared,decision_32,10,0.0,2.6015625,0.3,1904.0,2.9015625,hypothetical_cost_sensitivity_not_currency_or_measured_deployment
fast_drift,shared,decision_32,10,0.001,2.6015625,0.3,1904.0,3.0919624999999997,hypothetical_cost_sensitivity_not_currency_or_measured_deployment
fast_drift,shared,decision_32,10,0.01,2.6015625,0.3,1904.0,4.8055625,hypothetical_cost_sensitivity_not_currency_or_measured_deployment
fast_drift,shared,decision_32,100,0.0,2.6015625,0.3,1904.0,2.9015625,hypothetical_cost_sensitivity_not_currency_or_measured_deployment
fast_drift,shared,decision_32,100,0.001,2.6015625,0.3,1904.0,2.9206024999999998,hypothetical_cost_sensitivity_not_currency_or_measured_deployment
fast_drift,shared,decision_32,100,0.01,2.6015625,0.3,1904.0,3.0919624999999997,hypothetical_cost_sensitivity_not_currency_or_measured_deployment
fast_drift,shared,decision_32,1000,0.0,2.6015625,0.3,1904.0,2.9015625,hypothetical_cost_sensitivity_not_currency_or_measured_deployment
fast_drift,shared,decision_32,1000,0.001,2.6015625,0.3,1904.0,2.9034665,hypothetical_cost_sensitivity_not_currency_or_measured_deployment
fast_drift,shared,decision_32,1000,0.01,2.6015625,0.3,1904.0,2.9206024999999998,hypothetical_cost_sensitivity_not_currency_or_measured_deployment
fast_drift,shared,full_joint,10,0.0,2.5703125,0.3,2992.0,2.8703125,hypothetical_cost_sensitivity_not_currency_or_measured_deployment
fast_drift,shared,full_joint,10,0.001,2.5703125,0.3,2992.0,3.1695124999999997,hypothetical_cost_sensitivity_not_currency_or_measured_deployment
fast_drift,shared,full_joint,10,0.01,2.5703125,0.3,2992.0,5.8623125,hypothetical_cost_sensitivity_not_currency_or_measured_deployment
fast_drift,shared,full_joint,100,0.0,2.5703125,0.3,2992.0,2.8703125,hypothetical_cost_sensitivity_not_currency_or_measured_deployment
fast_drift,shared,full_joint,100,0.001,2.5703125,0.3,2992.0,2.9002325,hypothetical_cost_sensitivity_not_currency_or_measured_deployment
fast_drift,shared,full_joint,100,0.01,2.5703125,0.3,2992.0,3.1695124999999997,hypothetical_cost_sensitivity_not_currency_or_measured_deployment
fast_drift,shared,full_joint,1000,0.0,2.5703125,0.3,2992.0,2.8703125,hypothetical_cost_sensitivity_not_currency_or_measured_deployment
fast_drift,shared,full_joint,1000,0.001,2.5703125,0.3,2992.0,2.8733044999999997,hypothetical_cost_sensitivity_not_currency_or_measured_deployment
fast_drift,shared,full_joint,1000,0.01,2.5703125,0.3,2992.0,2.9002325,hypothetical_cost_sensitivity_not_currency_or_measured_deployment
fast_drift,shared,never,10,0.0,4.53125,0.3,0.0,4.83125,hypothetical_cost_sensitivity_not_currency_or_measured_deployment
fast_drift,shared,never,10,0.001,4.53125,0.3,0.0,4.83125,hypothetical_cost_sensitivity_not_currency_or_measured_deployment
fast_drift,shared,never,10,0.01,4.53125,0.3,0.0,4.83125,hypothetical_cost_sensitivity_not_currency_or_measured_deployment
fast_drift,shared,never,100,0.0,4.53125,0.3,0.0,4.83125,hypothetical_cost_sensitivity_not_currency_or_measured_deployment
fast_drift,shared,never,100,0.001,4.53125,0.3,0.0,4.83125,hypothetical_cost_sensitivity_not_currency_or_measured_deployment
fast_drift,shared,never,100,0.01,4.53125,0.3,0.0,4.83125,hypothetical_cost_sensitivity_not_currency_or_measured_deployment
fast_drift,shared,never,1000,0.0,4.53125,0.3,0.0,4.83125,hypothetical_cost_sensitivity_not_currency_or_measured_deployment
fast_drift,shared,never,1000,0.001,4.53125,0.3,0.0,4.83125,hypothetical_cost_sensitivity_not_currency_or_measured_deployment
fast_drift,shared,never,1000,0.01,4.53125,0.3,0.0,4.83125,hypothetical_cost_sensitivity_not_currency_or_measured_deployment
fast_drift,shared,occupancy_16,10,0.0,2.6015625,0.3,1648.0,2.9015625,hypothetical_cost_sensitivity_not_currency_or_measured_deployment
fast_drift,shared,occupancy_16,10,0.001,2.6015625,0.3,1648.0,3.0663625,hypothetical_cost_sensitivity_not_currency_or_measured_deployment
fast_drift,shared,occupancy_16,10,0.01,2.6015625,0.3,1648.0,4.5495625,hypothetical_cost_sensitivity_not_currency_or_measured_deployment
fast_drift,shared,occupancy_16,100,0.0,2.6015625,0.3,1648.0,2.9015625,hypothetical_cost_sensitivity_not_currency_or_measured_deployment
fast_drift,shared,occupancy_16,100,0.001,2.6015625,0.3,1648.0,2.9180425,hypothetical_cost_sensitivity_not_currency_or_measured_deployment
fast_drift,shared,occupancy_16,100,0.01,2.6015625,0.3,1648.0,3.0663625,hypothetical_cost_sensitivity_not_currency_or_measured_deployment
fast_drift,shared,occupancy_16,1000,0.0,2.6015625,0.3,1648.0,2.9015625,hypothetical_cost_sensitivity_not_currency_or_measured_deployment
fast_drift,shared,occupancy_16,1000,0.001,2.6015625,0.3,1648.0,2.9032104999999997,hypothetical_cost_sensitivity_not_currency_or_measured_deployment
fast_drift,shared,occupancy_16,1000,0.01,2.6015625,0.3,1648.0,2.9180425,hypothetical_cost_sensitivity_not_currency_or_measured_deployment
fast_drift,shared,occupancy_32,10,0.0,2.634375,0.3,1904.0,2.934375,hypothetical_cost_sensitivity_not_currency_or_measured_deployment
fast_drift,shared,occupancy_32,10,0.001,2.634375,0.3,1904.0,3.124775,hypothetical_cost_sensitivity_not_currency_or_measured_deployment
fast_drift,shared,occupancy_32,10,0.01,2.634375,0.3,1904.0,4.838375,hypothetical_cost_sensitivity_not_currency_or_measured_deployment
fast_drift,shared,occupancy_32,100,0.0,2.634375,0.3,1904.0,2.934375,hypothetical_cost_sensitivity_not_currency_or_measured_deployment
fast_drift,shared,occupancy_32,100,0.001,2.634375,0.3,1904.0,2.953415,hypothetical_cost_sensitivity_not_currency_or_measured_deployment
fast_drift,shared,occupancy_32,100,0.01,2.634375,0.3,1904.0,3.124775,hypothetical_cost_sensitivity_not_currency_or_measured_deployment
fast_drift,shared,occupancy_32,1000,0.0,2.634375,0.3,1904.0,2.934375,hypothetical_cost_sensitivity_not_currency_or_measured_deployment
fast_drift,shared,occupancy_32,1000,0.001,2.634375,0.3,1904.0,2.9362790000000003,hypothetical_cost_sensitivity_not_currency_or_measured_deployment
fast_drift,shared,occupancy_32,1000,0.01,2.634375,0.3,1904.0,2.953415,hypothetical_cost_sensitivity_not_currency_or_measured_deployment
fast_drift,shared,random_16,10,0.0,2.63125,0.3,1648.0,2.9312500000000004,hypothetical_cost_sensitivity_not_currency_or_measured_deployment
fast_drift,shared,random_16,10,0.001,2.63125,0.3,1648.0,3.0960500000000004,hypothetical_cost_sensitivity_not_currency_or_measured_deployment
fast_drift,shared,random_16,10,0.01,2.63125,0.3,1648.0,4.57925,hypothetical_cost_sensitivity_not_currency_or_measured_deployment
fast_drift,shared,random_16,100,0.0,2.63125,0.3,1648.0,2.9312500000000004,hypothetical_cost_sensitivity_not_currency_or_measured_deployment
fast_drift,shared,random_16,100,0.001,2.63125,0.3,1648.0,2.9477300000000004,hypothetical_cost_sensitivity_not_currency_or_measured_deployment
fast_drift,shared,random_16,100,0.01,2.63125,0.3,1648.0,3.0960500000000004,hypothetical_cost_sensitivity_not_currency_or_measured_deployment
fast_drift,shared,random_16,1000,0.0,2.63125,0.3,1648.0,2.9312500000000004,hypothetical_cost_sensitivity_not_currency_or_measured_deployment
fast_drift,shared,random_16,1000,0.001,2.63125,0.3,1648.0,2.9328980000000002,hypothetical_cost_sensitivity_not_currency_or_measured_deployment
fast_drift,shared,random_16,1000,0.01,2.63125,0.3,1648.0,2.9477300000000004,hypothetical_cost_sensitivity_not_currency_or_measured_deployment
fast_drift,shared,random_32,10,0.0,2.63125,0.3,1904.0,2.9312500000000004,hypothetical_cost_sensitivity_not_currency_or_measured_deployment
fast_drift,shared,random_32,10,0.001,2.63125,0.3,1904.0,3.1216500000000003,hypothetical_cost_sensitivity_not_currency_or_measured_deployment
fast_drift,shared,random_32,10,0.01,2.63125,0.3,1904.0,4.83525,hypothetical_cost_sensitivity_not_currency_or_measured_deployment
fast_drift,shared,random_32,100,0.0,2.63125,0.3,1904.0,2.9312500000000004,hypothetical_cost_sensitivity_not_currency_or_measured_deployment
fast_drift,shared,random_32,100,0.001,2.63125,0.3,1904.0,2.9502900000000003,hypothetical_cost_sensitivity_not_currency_or_measured_deployment
fast_drift,shared,random_32,100,0.01,2.63125,0.3,1904.0,3.1216500000000003,hypothetical_cost_sensitivity_not_currency_or_measured_deployment
fast_drift,shared,random_32,1000,0.0,2.63125,0.3,1904.0,2.9312500000000004,hypothetical_cost_sensitivity_not_currency_or_measured_deployment
fast_drift,shared,random_32,1000,0.001,2.63125,0.3,1904.0,2.9331540000000005,hypothetical_cost_sensitivity_not_currency_or_measured_deployment
fast_drift,shared,random_32,1000,0.01,2.63125,0.3,1904.0,2.9502900000000003,hypothetical_cost_sensitivity_not_currency_or_measured_deployment
fast_drift,shared,single_only,10,0.0,2.6625,0.3,1392.0,2.9625000000000004,hypothetical_cost_sensitivity_not_currency_or_measured_deployment
fast_drift,shared,single_only,10,0.001,2.6625,0.3,1392.0,3.1017000000000006,hypothetical_cost_sensitivity_not_currency_or_measured_deployment
fast_drift,shared,single_only,10,0.01,2.6625,0.3,1392.0,4.3545,hypothetical_cost_sensitivity_not_currency_or_measured_deployment
fast_drift,shared,single_only,100,0.0,2.6625,0.3,1392.0,2.9625000000000004,hypothetical_cost_sensitivity_not_currency_or_measured_deployment
fast_drift,shared,single_only,100,0.001,2.6625,0.3,1392.0,2.9764200000000005,hypothetical_cost_sensitivity_not_currency_or_measured_deployment
fast_drift,shared,single_only,100,0.01,2.6625,0.3,1392.0,3.1017,hypothetical_cost_sensitivity_not_currency_or_measured_deployment
fast_drift,shared,single_only,1000,0.0,2.6625,0.3,1392.0,2.9625000000000004,hypothetical_cost_sensitivity_not_currency_or_measured_deployment
fast_drift,shared,single_only,1000,0.001,2.6625,0.3,1392.0,2.9638920000000004,hypothetical_cost_sensitivity_not_currency_or_measured_deployment
fast_drift,shared,single_only,1000,0.01,2.6625,0.3,1392.0,2.9764200000000005,hypothetical_cost_sensitivity_not_currency_or_measured_deployment
fast_drift,single,any_exact,10,0.0,3.275,0.3,0.0,3.575,hypothetical_cost_sensitivity_not_currency_or_measured_deployment
fast_drift,single,any_exact,10,0.001,3.275,0.3,0.0,3.575,hypothetical_cost_sensitivity_not_currency_or_measured_deployment
fast_drift,single,any_exact,10,0.01,3.275,0.3,0.0,3.575,hypothetical_cost_sensitivity_not_currency_or_measured_deployment
fast_drift,single,any_exact,100,0.0,3.275,0.3,0.0,3.575,hypothetical_cost_sensitivity_not_currency_or_measured_deployment
fast_drift,single,any_exact,100,0.001,3.275,0.3,0.0,3.575,hypothetical_cost_sensitivity_not_currency_or_measured_deployment
fast_drift,single,any_exact,100,0.01,3.275,0.3,0.0,3.575,hypothetical_cost_sensitivity_not_currency_or_measured_deployment
fast_drift,single,any_exact,1000,0.0,3.275,0.3,0.0,3.575,hypothetical_cost_sensitivity_not_currency_or_measured_deployment
fast_drift,single,any_exact,1000,0.001,3.275,0.3,0.0,3.575,hypothetical_cost_sensitivity_not_currency_or_measured_deployment
fast_drift,single,any_exact,1000,0.01,3.275,0.3,0.0,3.575,hypothetical_cost_sensitivity_not_currency_or_measured_deployment
fast_drift,single,decision_16,10,0.0,3.1125,0.3,1648.0,3.4124999999999996,hypothetical_cost_sensitivity_not_currency_or_measured_deployment
fast_drift,single,decision_16,10,0.001,3.1125,0.3,1648.0,3.5772999999999997,hypothetical_cost_sensitivity_not_currency_or_measured_deployment
fast_drift,single,decision_16,10,0.01,3.1125,0.3,1648.0,5.060499999999999,hypothetical_cost_sensitivity_not_currency_or_measured_deployment
fast_drift,single,decision_16,100,0.0,3.1125,0.3,1648.0,3.4124999999999996,hypothetical_cost_sensitivity_not_currency_or_measured_deployment
fast_drift,single,decision_16,100,0.001,3.1125,0.3,1648.0,3.4289799999999997,hypothetical_cost_sensitivity_not_currency_or_measured_deployment
fast_drift,single,decision_16,100,0.01,3.1125,0.3,1648.0,3.5772999999999997,hypothetical_cost_sensitivity_not_currency_or_measured_deployment
fast_drift,single,decision_16,1000,0.0,3.1125,0.3,1648.0,3.4124999999999996,hypothetical_cost_sensitivity_not_currency_or_measured_deployment
fast_drift,single,decision_16,1000,0.001,3.1125,0.3,1648.0,3.4141479999999995,hypothetical_cost_sensitivity_not_currency_or_measured_deployment
fast_drift,single,decision_16,1000,0.01,3.1125,0.3,1648.0,3.4289799999999997,hypothetical_cost_sensitivity_not_currency_or_measured_deployment
fast_drift,single,decision_32,10,0.0,3.1125,0.3,1904.0,3.4124999999999996,hypothetical_cost_sensitivity_not_currency_or_measured_deployment
fast_drift,single,decision_32,10,0.001,3.1125,0.3,1904.0,3.6028999999999995,hypothetical_cost_sensitivity_not_currency_or_measured_deployment
fast_drift,single,decision_32,10,0.01,3.1125,0.3,1904.0,5.3165,hypothetical_cost_sensitivity_not_currency_or_measured_deployment
fast_drift,single,decision_32,100,0.0,3.1125,0.3,1904.0,3.4124999999999996,hypothetical_cost_sensitivity_not_currency_or_measured_deployment
fast_drift,single,decision_32,100,0.001,3.1125,0.3,1904.0,3.4315399999999996,hypothetical_cost_sensitivity_not_currency_or_measured_deployment
fast_drift,single,decision_32,100,0.01,3.1125,0.3,1904.0,3.6028999999999995,hypothetical_cost_sensitivity_not_currency_or_measured_deployment
fast_drift,single,decision_32,1000,0.0,3.1125,0.3,1904.0,3.4124999999999996,hypothetical_cost_sensitivity_not_currency_or_measured_deployment
fast_drift,single,decision_32,1000,0.001,3.1125,0.3,1904.0,3.4144039999999998,hypothetical_cost_sensitivity_not_currency_or_measured_deployment
fast_drift,single,decision_32,1000,0.01,3.1125,0.3,1904.0,3.4315399999999996,hypothetical_cost_sensitivity_not_currency_or_measured_deployment
fast_drift,single,full_joint,10,0.0,3.1125,0.3,2992.0,3.4124999999999996,hypothetical_cost_sensitivity_not_currency_or_measured_deployment
fast_drift,single,full_joint,10,0.001,3.1125,0.3,2992.0,3.7116999999999996,hypothetical_cost_sensitivity_not_currency_or_measured_deployment
fast_drift,single,full_joint,10,0.01,3.1125,0.3,2992.0,6.4045,hypothetical_cost_sensitivity_not_currency_or_measured_deployment
fast_drift,single,full_joint,100,0.0,3.1125,0.3,2992.0,3.4124999999999996,hypothetical_cost_sensitivity_not_currency_or_measured_deployment
fast_drift,single,full_joint,100,0.001,3.1125,0.3,2992.0,3.44242,hypothetical_cost_sensitivity_not_currency_or_measured_deployment
fast_drift,single,full_joint,100,0.01,3.1125,0.3,2992.0,3.7116999999999996,hypothetical_cost_sensitivity_not_currency_or_measured_deployment
fast_drift,single,full_joint,1000,0.0,3.1125,0.3,2992.0,3.4124999999999996,hypothetical_cost_sensitivity_not_currency_or_measured_deployment
fast_drift,single,full_joint,1000,0.001,3.1125,0.3,2992.0,3.4154919999999995,hypothetical_cost_sensitivity_not_currency_or_measured_deployment
fast_drift,single,full_joint,1000,0.01,3.1125,0.3,2992.0,3.44242,hypothetical_cost_sensitivity_not_currency_or_measured_deployment
fast_drift,single,never,10,0.0,4.53125,0.3,0.0,4.83125,hypothetical_cost_sensitivity_not_currency_or_measured_deployment
fast_drift,single,never,10,0.001,4.53125,0.3,0.0,4.83125,hypothetical_cost_sensitivity_not_currency_or_measured_deployment
fast_drift,single,never,10,0.01,4.53125,0.3,0.0,4.83125,hypothetical_cost_sensitivity_not_currency_or_measured_deployment
fast_drift,single,never,100,0.0,4.53125,0.3,0.0,4.83125,hypothetical_cost_sensitivity_not_currency_or_measured_deployment
fast_drift,single,never,100,0.001,4.53125,0.3,0.0,4.83125,hypothetical_cost_sensitivity_not_currency_or_measured_deployment
fast_drift,single,never,100,0.01,4.53125,0.3,0.0,4.83125,hypothetical_cost_sensitivity_not_currency_or_measured_deployment
fast_drift,single,never,1000,0.0,4.53125,0.3,0.0,4.83125,hypothetical_cost_sensitivity_not_currency_or_measured_deployment
fast_drift,single,never,1000,0.001,4.53125,0.3,0.0,4.83125,hypothetical_cost_sensitivity_not_currency_or_measured_deployment
fast_drift,single,never,1000,0.01,4.53125,0.3,0.0,4.83125,hypothetical_cost_sensitivity_not_currency_or_measured_deployment
fast_drift,single,occupancy_16,10,0.0,3.1125,0.3,1648.0,3.4124999999999996,hypothetical_cost_sensitivity_not_currency_or_measured_deployment
fast_drift,single,occupancy_16,10,0.001,3.1125,0.3,1648.0,3.5772999999999997,hypothetical_cost_sensitivity_not_currency_or_measured_deployment
fast_drift,single,occupancy_16,10,0.01,3.1125,0.3,1648.0,5.060499999999999,hypothetical_cost_sensitivity_not_currency_or_measured_deployment
fast_drift,single,occupancy_16,100,0.0,3.1125,0.3,1648.0,3.4124999999999996,hypothetical_cost_sensitivity_not_currency_or_measured_deployment
fast_drift,single,occupancy_16,100,0.001,3.1125,0.3,1648.0,3.4289799999999997,hypothetical_cost_sensitivity_not_currency_or_measured_deployment
fast_drift,single,occupancy_16,100,0.01,3.1125,0.3,1648.0,3.5772999999999997,hypothetical_cost_sensitivity_not_currency_or_measured_deployment
fast_drift,single,occupancy_16,1000,0.0,3.1125,0.3,1648.0,3.4124999999999996,hypothetical_cost_sensitivity_not_currency_or_measured_deployment
fast_drift,single,occupancy_16,1000,0.001,3.1125,0.3,1648.0,3.4141479999999995,hypothetical_cost_sensitivity_not_currency_or_measured_deployment
fast_drift,single,occupancy_16,1000,0.01,3.1125,0.3,1648.0,3.4289799999999997,hypothetical_cost_sensitivity_not_currency_or_measured_deployment
fast_drift,single,occupancy_32,10,0.0,3.1125,0.3,1904.0,3.4124999999999996,hypothetical_cost_sensitivity_not_currency_or_measured_deployment
fast_drift,single,occupancy_32,10,0.001,3.1125,0.3,1904.0,3.6028999999999995,hypothetical_cost_sensitivity_not_currency_or_measured_deployment
fast_drift,single,occupancy_32,10,0.01,3.1125,0.3,1904.0,5.3165,hypothetical_cost_sensitivity_not_currency_or_measured_deployment
fast_drift,single,occupancy_32,100,0.0,3.1125,0.3,1904.0,3.4124999999999996,hypothetical_cost_sensitivity_not_currency_or_measured_deployment
fast_drift,single,occupancy_32,100,0.001,3.1125,0.3,1904.0,3.4315399999999996,hypothetical_cost_sensitivity_not_currency_or_measured_deployment
fast_drift,single,occupancy_32,100,0.01,3.1125,0.3,1904.0,3.6028999999999995,hypothetical_cost_sensitivity_not_currency_or_measured_deployment
fast_drift,single,occupancy_32,1000,0.0,3.1125,0.3,1904.0,3.4124999999999996,hypothetical_cost_sensitivity_not_currency_or_measured_deployment
fast_drift,single,occupancy_32,1000,0.001,3.1125,0.3,1904.0,3.4144039999999998,hypothetical_cost_sensitivity_not_currency_or_measured_deployment
fast_drift,single,occupancy_32,1000,0.01,3.1125,0.3,1904.0,3.4315399999999996,hypothetical_cost_sensitivity_not_currency_or_measured_deployment
fast_drift,single,random_16,10,0.0,3.1125,0.3,1648.0,3.4124999999999996,hypothetical_cost_sensitivity_not_currency_or_measured_deployment
fast_drift,single,random_16,10,0.001,3.1125,0.3,1648.0,3.5772999999999997,hypothetical_cost_sensitivity_not_currency_or_measured_deployment
fast_drift,single,random_16,10,0.01,3.1125,0.3,1648.0,5.060499999999999,hypothetical_cost_sensitivity_not_currency_or_measured_deployment
fast_drift,single,random_16,100,0.0,3.1125,0.3,1648.0,3.4124999999999996,hypothetical_cost_sensitivity_not_currency_or_measured_deployment
fast_drift,single,random_16,100,0.001,3.1125,0.3,1648.0,3.4289799999999997,hypothetical_cost_sensitivity_not_currency_or_measured_deployment
fast_drift,single,random_16,100,0.01,3.1125,0.3,1648.0,3.5772999999999997,hypothetical_cost_sensitivity_not_currency_or_measured_deployment
fast_drift,single,random_16,1000,0.0,3.1125,0.3,1648.0,3.4124999999999996,hypothetical_cost_sensitivity_not_currency_or_measured_deployment
fast_drift,single,random_16,1000,0.001,3.1125,0.3,1648.0,3.4141479999999995,hypothetical_cost_sensitivity_not_currency_or_measured_deployment
fast_drift,single,random_16,1000,0.01,3.1125,0.3,1648.0,3.4289799999999997,hypothetical_cost_sensitivity_not_currency_or_measured_deployment
fast_drift,single,random_32,10,0.0,3.1125,0.3,1904.0,3.4124999999999996,hypothetical_cost_sensitivity_not_currency_or_measured_deployment
fast_drift,single,random_32,10,0.001,3.1125,0.3,1904.0,3.6028999999999995,hypothetical_cost_sensitivity_not_currency_or_measured_deployment
fast_drift,single,random_32,10,0.01,3.1125,0.3,1904.0,5.3165,hypothetical_cost_sensitivity_not_currency_or_measured_deployment
fast_drift,single,random_32,100,0.0,3.1125,0.3,1904.0,3.4124999999999996,hypothetical_cost_sensitivity_not_currency_or_measured_deployment
fast_drift,single,random_32,100,0.001,3.1125,0.3,1904.0,3.4315399999999996,hypothetical_cost_sensitivity_not_currency_or_measured_deployment
fast_drift,single,random_32,100,0.01,3.1125,0.3,1904.0,3.6028999999999995,hypothetical_cost_sensitivity_not_currency_or_measured_deployment
fast_drift,single,random_32,1000,0.0,3.1125,0.3,1904.0,3.4124999999999996,hypothetical_cost_sensitivity_not_currency_or_measured_deployment
fast_drift,single,random_32,1000,0.001,3.1125,0.3,1904.0,3.4144039999999998,hypothetical_cost_sensitivity_not_currency_or_measured_deployment
fast_drift,single,random_32,1000,0.01,3.1125,0.3,1904.0,3.4315399999999996,hypothetical_cost_sensitivity_not_currency_or_measured_deployment
fast_drift,single,single_only,10,0.0,3.1125,0.3,1392.0,3.4124999999999996,hypothetical_cost_sensitivity_not_currency_or_measured_deployment
fast_drift,single,single_only,10,0.001,3.1125,0.3,1392.0,3.5517,hypothetical_cost_sensitivity_not_currency_or_measured_deployment
fast_drift,single,single_only,10,0.01,3.1125,0.3,1392.0,4.804499999999999,hypothetical_cost_sensitivity_not_currency_or_measured_deployment
fast_drift,single,single_only,100,0.0,3.1125,0.3,1392.0,3.4124999999999996,hypothetical_cost_sensitivity_not_currency_or_measured_deployment
fast_drift,single,single_only,100,0.001,3.1125,0.3,1392.0,3.42642,hypothetical_cost_sensitivity_not_currency_or_measured_deployment
fast_drift,single,single_only,100,0.01,3.1125,0.3,1392.0,3.5516999999999994,hypothetical_cost_sensitivity_not_currency_or_measured_deployment
fast_drift,single,single_only,1000,0.0,3.1125,0.3,1392.0,3.4124999999999996,hypothetical_cost_sensitivity_not_currency_or_measured_deployment
fast_drift,single,single_only,1000,0.001,3.1125,0.3,1392.0,3.4138919999999997,hypothetical_cost_sensitivity_not_currency_or_measured_deployment
fast_drift,single,single_only,1000,0.01,3.1125,0.3,1392.0,3.42642,hypothetical_cost_sensitivity_not_currency_or_measured_deployment
matched,shared,any_exact,10,0.0,2.1109375,0.3,0.0,2.4109375,hypothetical_cost_sensitivity_not_currency_or_measured_deployment
matched,shared,any_exact,10,0.001,2.1109375,0.3,0.0,2.4109375,hypothetical_cost_sensitivity_not_currency_or_measured_deployment
matched,shared,any_exact,10,0.01,2.1109375,0.3,0.0,2.4109375,hypothetical_cost_sensitivity_not_currency_or_measured_deployment
matched,shared,any_exact,100,0.0,2.1109375,0.3,0.0,2.4109375,hypothetical_cost_sensitivity_not_currency_or_measured_deployment
matched,shared,any_exact,100,0.001,2.1109375,0.3,0.0,2.4109375,hypothetical_cost_sensitivity_not_currency_or_measured_deployment
matched,shared,any_exact,100,0.01,2.1109375,0.3,0.0,2.4109375,hypothetical_cost_sensitivity_not_currency_or_measured_deployment
matched,shared,any_exact,1000,0.0,2.1109375,0.3,0.0,2.4109375,hypothetical_cost_sensitivity_not_currency_or_measured_deployment
matched,shared,any_exact,1000,0.001,2.1109375,0.3,0.0,2.4109375,hypothetical_cost_sensitivity_not_currency_or_measured_deployment
matched,shared,any_exact,1000,0.01,2.1109375,0.3,0.0,2.4109375,hypothetical_cost_sensitivity_not_currency_or_measured_deployment
matched,shared,decision_16,10,0.0,1.91875,0.3,1648.0,2.21875,hypothetical_cost_sensitivity_not_currency_or_measured_deployment
matched,shared,decision_16,10,0.001,1.91875,0.3,1648.0,2.38355,hypothetical_cost_sensitivity_not_currency_or_measured_deployment
matched,shared,decision_16,10,0.01,1.91875,0.3,1648.0,3.86675,hypothetical_cost_sensitivity_not_currency_or_measured_deployment
matched,shared,decision_16,100,0.0,1.91875,0.3,1648.0,2.21875,hypothetical_cost_sensitivity_not_currency_or_measured_deployment
matched,shared,decision_16,100,0.001,1.91875,0.3,1648.0,2.23523,hypothetical_cost_sensitivity_not_currency_or_measured_deployment
matched,shared,decision_16,100,0.01,1.91875,0.3,1648.0,2.38355,hypothetical_cost_sensitivity_not_currency_or_measured_deployment
matched,shared,decision_16,1000,0.0,1.91875,0.3,1648.0,2.21875,hypothetical_cost_sensitivity_not_currency_or_measured_deployment
matched,shared,decision_16,1000,0.001,1.91875,0.3,1648.0,2.220398,hypothetical_cost_sensitivity_not_currency_or_measured_deployment
matched,shared,decision_16,1000,0.01,1.91875,0.3,1648.0,2.23523,hypothetical_cost_sensitivity_not_currency_or_measured_deployment
matched,shared,decision_32,10,0.0,1.8875,0.3,1904.0,2.1875,hypothetical_cost_sensitivity_not_currency_or_measured_deployment
matched,shared,decision_32,10,0.001,1.8875,0.3,1904.0,2.3779,hypothetical_cost_sensitivity_not_currency_or_measured_deployment
matched,shared,decision_32,10,0.01,1.8875,0.3,1904.0,4.0915,hypothetical_cost_sensitivity_not_currency_or_measured_deployment
matched,shared,decision_32,100,0.0,1.8875,0.3,1904.0,2.1875,hypothetical_cost_sensitivity_not_currency_or_measured_deployment
matched,shared,decision_32,100,0.001,1.8875,0.3,1904.0,2.20654,hypothetical_cost_sensitivity_not_currency_or_measured_deployment
matched,shared,decision_32,100,0.01,1.8875,0.3,1904.0,2.3779,hypothetical_cost_sensitivity_not_currency_or_measured_deployment
matched,shared,decision_32,1000,0.0,1.8875,0.3,1904.0,2.1875,hypothetical_cost_sensitivity_not_currency_or_measured_deployment
matched,shared,decision_32,1000,0.001,1.8875,0.3,1904.0,2.189404,hypothetical_cost_sensitivity_not_currency_or_measured_deployment
matched,shared,decision_32,1000,0.01,1.8875,0.3,1904.0,2.20654,hypothetical_cost_sensitivity_not_currency_or_measured_deployment
matched,shared,full_joint,10,0.0,1.8875,0.3,2992.0,2.1875,hypothetical_cost_sensitivity_not_currency_or_measured_deployment
matched,shared,full_joint,10,0.001,1.8875,0.3,2992.0,2.4867,hypothetical_cost_sensitivity_not_currency_or_measured_deployment
matched,shared,full_joint,10,0.01,1.8875,0.3,2992.0,5.1795,hypothetical_cost_sensitivity_not_currency_or_measured_deployment
matched,shared,full_joint,100,0.0,1.8875,0.3,2992.0,2.1875,hypothetical_cost_sensitivity_not_currency_or_measured_deployment
matched,shared,full_joint,100,0.001,1.8875,0.3,2992.0,2.21742,hypothetical_cost_sensitivity_not_currency_or_measured_deployment
matched,shared,full_joint,100,0.01,1.8875,0.3,2992.0,2.4867,hypothetical_cost_sensitivity_not_currency_or_measured_deployment
matched,shared,full_joint,1000,0.0,1.8875,0.3,2992.0,2.1875,hypothetical_cost_sensitivity_not_currency_or_measured_deployment
matched,shared,full_joint,1000,0.001,1.8875,0.3,2992.0,2.190492,hypothetical_cost_sensitivity_not_currency_or_measured_deployment
matched,shared,full_joint,1000,0.01,1.8875,0.3,2992.0,2.21742,hypothetical_cost_sensitivity_not_currency_or_measured_deployment
matched,shared,never,10,0.0,3.6875,0.3,0.0,3.9875,hypothetical_cost_sensitivity_not_currency_or_measured_deployment
matched,shared,never,10,0.001,3.6875,0.3,0.0,3.9875,hypothetical_cost_sensitivity_not_currency_or_measured_deployment
matched,shared,never,10,0.01,3.6875,0.3,0.0,3.9875,hypothetical_cost_sensitivity_not_currency_or_measured_deployment
matched,shared,never,100,0.0,3.6875,0.3,0.0,3.9875,hypothetical_cost_sensitivity_not_currency_or_measured_deployment
matched,shared,never,100,0.001,3.6875,0.3,0.0,3.9875,hypothetical_cost_sensitivity_not_currency_or_measured_deployment
matched,shared,never,100,0.01,3.6875,0.3,0.0,3.9875,hypothetical_cost_sensitivity_not_currency_or_measured_deployment
matched,shared,never,1000,0.0,3.6875,0.3,0.0,3.9875,hypothetical_cost_sensitivity_not_currency_or_measured_deployment
matched,shared,never,1000,0.001,3.6875,0.3,0.0,3.9875,hypothetical_cost_sensitivity_not_currency_or_measured_deployment
matched,shared,never,1000,0.01,3.6875,0.3,0.0,3.9875,hypothetical_cost_sensitivity_not_currency_or_measured_deployment
matched,shared,occupancy_16,10,0.0,1.8875,0.3,1648.0,2.1875,hypothetical_cost_sensitivity_not_currency_or_measured_deployment
matched,shared,occupancy_16,10,0.001,1.8875,0.3,1648.0,2.3523,hypothetical_cost_sensitivity_not_currency_or_measured_deployment
matched,shared,occupancy_16,10,0.01,1.8875,0.3,1648.0,3.8355,hypothetical_cost_sensitivity_not_currency_or_measured_deployment
matched,shared,occupancy_16,100,0.0,1.8875,0.3,1648.0,2.1875,hypothetical_cost_sensitivity_not_currency_or_measured_deployment
matched,shared,occupancy_16,100,0.001,1.8875,0.3,1648.0,2.20398,hypothetical_cost_sensitivity_not_currency_or_measured_deployment
matched,shared,occupancy_16,100,0.01,1.8875,0.3,1648.0,2.3523,hypothetical_cost_sensitivity_not_currency_or_measured_deployment
matched,shared,occupancy_16,1000,0.0,1.8875,0.3,1648.0,2.1875,hypothetical_cost_sensitivity_not_currency_or_measured_deployment
matched,shared,occupancy_16,1000,0.001,1.8875,0.3,1648.0,2.189148,hypothetical_cost_sensitivity_not_currency_or_measured_deployment
matched,shared,occupancy_16,1000,0.01,1.8875,0.3,1648.0,2.20398,hypothetical_cost_sensitivity_not_currency_or_measured_deployment
matched,shared,occupancy_32,10,0.0,1.8875,0.3,1904.0,2.1875,hypothetical_cost_sensitivity_not_currency_or_measured_deployment
matched,shared,occupancy_32,10,0.001,1.8875,0.3,1904.0,2.3779,hypothetical_cost_sensitivity_not_currency_or_measured_deployment
matched,shared,occupancy_32,10,0.01,1.8875,0.3,1904.0,4.0915,hypothetical_cost_sensitivity_not_currency_or_measured_deployment
matched,shared,occupancy_32,100,0.0,1.8875,0.3,1904.0,2.1875,hypothetical_cost_sensitivity_not_currency_or_measured_deployment
matched,shared,occupancy_32,100,0.001,1.8875,0.3,1904.0,2.20654,hypothetical_cost_sensitivity_not_currency_or_measured_deployment
matched,shared,occupancy_32,100,0.01,1.8875,0.3,1904.0,2.3779,hypothetical_cost_sensitivity_not_currency_or_measured_deployment
matched,shared,occupancy_32,1000,0.0,1.8875,0.3,1904.0,2.1875,hypothetical_cost_sensitivity_not_currency_or_measured_deployment
matched,shared,occupancy_32,1000,0.001,1.8875,0.3,1904.0,2.189404,hypothetical_cost_sensitivity_not_currency_or_measured_deployment
matched,shared,occupancy_32,1000,0.01,1.8875,0.3,1904.0,2.20654,hypothetical_cost_sensitivity_not_currency_or_measured_deployment
matched,shared,random_16,10,0.0,1.8875,0.3,1648.0,2.1875,hypothetical_cost_sensitivity_not_currency_or_measured_deployment
matched,shared,random_16,10,0.001,1.8875,0.3,1648.0,2.3523,hypothetical_cost_sensitivity_not_currency_or_measured_deployment
matched,shared,random_16,10,0.01,1.8875,0.3,1648.0,3.8355,hypothetical_cost_sensitivity_not_currency_or_measured_deployment
matched,shared,random_16,100,0.0,1.8875,0.3,1648.0,2.1875,hypothetical_cost_sensitivity_not_currency_or_measured_deployment
matched,shared,random_16,100,0.001,1.8875,0.3,1648.0,2.20398,hypothetical_cost_sensitivity_not_currency_or_measured_deployment
matched,shared,random_16,100,0.01,1.8875,0.3,1648.0,2.3523,hypothetical_cost_sensitivity_not_currency_or_measured_deployment
matched,shared,random_16,1000,0.0,1.8875,0.3,1648.0,2.1875,hypothetical_cost_sensitivity_not_currency_or_measured_deployment
matched,shared,random_16,1000,0.001,1.8875,0.3,1648.0,2.189148,hypothetical_cost_sensitivity_not_currency_or_measured_deployment
matched,shared,random_16,1000,0.01,1.8875,0.3,1648.0,2.20398,hypothetical_cost_sensitivity_not_currency_or_measured_deployment
matched,shared,random_32,10,0.0,1.8875,0.3,1904.0,2.1875,hypothetical_cost_sensitivity_not_currency_or_measured_deployment
matched,shared,random_32,10,0.001,1.8875,0.3,1904.0,2.3779,hypothetical_cost_sensitivity_not_currency_or_measured_deployment
matched,shared,random_32,10,0.01,1.8875,0.3,1904.0,4.0915,hypothetical_cost_sensitivity_not_currency_or_measured_deployment
matched,shared,random_32,100,0.0,1.8875,0.3,1904.0,2.1875,hypothetical_cost_sensitivity_not_currency_or_measured_deployment
matched,shared,random_32,100,0.001,1.8875,0.3,1904.0,2.20654,hypothetical_cost_sensitivity_not_currency_or_measured_deployment
matched,shared,random_32,100,0.01,1.8875,0.3,1904.0,2.3779,hypothetical_cost_sensitivity_not_currency_or_measured_deployment
matched,shared,random_32,1000,0.0,1.8875,0.3,1904.0,2.1875,hypothetical_cost_sensitivity_not_currency_or_measured_deployment
matched,shared,random_32,1000,0.001,1.8875,0.3,1904.0,2.189404,hypothetical_cost_sensitivity_not_currency_or_measured_deployment
matched,shared,random_32,1000,0.01,1.8875,0.3,1904.0,2.20654,hypothetical_cost_sensitivity_not_currency_or_measured_deployment
matched,shared,single_only,10,0.0,1.921875,0.3,1392.0,2.221875,hypothetical_cost_sensitivity_not_currency_or_measured_deployment
matched,shared,single_only,10,0.001,1.921875,0.3,1392.0,2.361075,hypothetical_cost_sensitivity_not_currency_or_measured_deployment
matched,shared,single_only,10,0.01,1.921875,0.3,1392.0,3.6138749999999997,hypothetical_cost_sensitivity_not_currency_or_measured_deployment
matched,shared,single_only,100,0.0,1.921875,0.3,1392.0,2.221875,hypothetical_cost_sensitivity_not_currency_or_measured_deployment
matched,shared,single_only,100,0.001,1.921875,0.3,1392.0,2.235795,hypothetical_cost_sensitivity_not_currency_or_measured_deployment
matched,shared,single_only,100,0.01,1.921875,0.3,1392.0,2.3610749999999996,hypothetical_cost_sensitivity_not_currency_or_measured_deployment
matched,shared,single_only,1000,0.0,1.921875,0.3,1392.0,2.221875,hypothetical_cost_sensitivity_not_currency_or_measured_deployment
matched,shared,single_only,1000,0.001,1.921875,0.3,1392.0,2.223267,hypothetical_cost_sensitivity_not_currency_or_measured_deployment
matched,shared,single_only,1000,0.01,1.921875,0.3,1392.0,2.235795,hypothetical_cost_sensitivity_not_currency_or_measured_deployment
matched,single,any_exact,10,0.0,2.43125,0.3,0.0,2.73125,hypothetical_cost_sensitivity_not_currency_or_measured_deployment
matched,single,any_exact,10,0.001,2.43125,0.3,0.0,2.73125,hypothetical_cost_sensitivity_not_currency_or_measured_deployment
matched,single,any_exact,10,0.01,2.43125,0.3,0.0,2.73125,hypothetical_cost_sensitivity_not_currency_or_measured_deployment
matched,single,any_exact,100,0.0,2.43125,0.3,0.0,2.73125,hypothetical_cost_sensitivity_not_currency_or_measured_deployment
matched,single,any_exact,100,0.001,2.43125,0.3,0.0,2.73125,hypothetical_cost_sensitivity_not_currency_or_measured_deployment
matched,single,any_exact,100,0.01,2.43125,0.3,0.0,2.73125,hypothetical_cost_sensitivity_not_currency_or_measured_deployment
matched,single,any_exact,1000,0.0,2.43125,0.3,0.0,2.73125,hypothetical_cost_sensitivity_not_currency_or_measured_deployment
matched,single,any_exact,1000,0.001,2.43125,0.3,0.0,2.73125,hypothetical_cost_sensitivity_not_currency_or_measured_deployment
matched,single,any_exact,1000,0.01,2.43125,0.3,0.0,2.73125,hypothetical_cost_sensitivity_not_currency_or_measured_deployment
matched,single,decision_16,10,0.0,2.3,0.3,1648.0,2.5999999999999996,hypothetical_cost_sensitivity_not_currency_or_measured_deployment
matched,single,decision_16,10,0.001,2.3,0.3,1648.0,2.7647999999999997,hypothetical_cost_sensitivity_not_currency_or_measured_deployment
matched,single,decision_16,10,0.01,2.3,0.3,1648.0,4.247999999999999,hypothetical_cost_sensitivity_not_currency_or_measured_deployment
matched,single,decision_16,100,0.0,2.3,0.3,1648.0,2.5999999999999996,hypothetical_cost_sensitivity_not_currency_or_measured_deployment
matched,single,decision_16,100,0.001,2.3,0.3,1648.0,2.6164799999999997,hypothetical_cost_sensitivity_not_currency_or_measured_deployment
matched,single,decision_16,100,0.01,2.3,0.3,1648.0,2.7647999999999997,hypothetical_cost_sensitivity_not_currency_or_measured_deployment
matched,single,decision_16,1000,0.0,2.3,0.3,1648.0,2.5999999999999996,hypothetical_cost_sensitivity_not_currency_or_measured_deployment
matched,single,decision_16,1000,0.001,2.3,0.3,1648.0,2.6016479999999995,hypothetical_cost_sensitivity_not_currency_or_measured_deployment
matched,single,decision_16,1000,0.01,2.3,0.3,1648.0,2.6164799999999997,hypothetical_cost_sensitivity_not_currency_or_measured_deployment
matched,single,decision_32,10,0.0,2.3,0.3,1904.0,2.5999999999999996,hypothetical_cost_sensitivity_not_currency_or_measured_deployment
matched,single,decision_32,10,0.001,2.3,0.3,1904.0,2.7903999999999995,hypothetical_cost_sensitivity_not_currency_or_measured_deployment
matched,single,decision_32,10,0.01,2.3,0.3,1904.0,4.504,hypothetical_cost_sensitivity_not_currency_or_measured_deployment
matched,single,decision_32,100,0.0,2.3,0.3,1904.0,2.5999999999999996,hypothetical_cost_sensitivity_not_currency_or_measured_deployment
matched,single,decision_32,100,0.001,2.3,0.3,1904.0,2.6190399999999996,hypothetical_cost_sensitivity_not_currency_or_measured_deployment
matched,single,decision_32,100,0.01,2.3,0.3,1904.0,2.7903999999999995,hypothetical_cost_sensitivity_not_currency_or_measured_deployment
matched,single,decision_32,1000,0.0,2.3,0.3,1904.0,2.5999999999999996,hypothetical_cost_sensitivity_not_currency_or_measured_deployment
matched,single,decision_32,1000,0.001,2.3,0.3,1904.0,2.6019039999999998,hypothetical_cost_sensitivity_not_currency_or_measured_deployment
matched,single,decision_32,1000,0.01,2.3,0.3,1904.0,2.6190399999999996,hypothetical_cost_sensitivity_not_currency_or_measured_deployment
matched,single,full_joint,10,0.0,2.296875,0.3,2992.0,2.596875,hypothetical_cost_sensitivity_not_currency_or_measured_deployment
matched,single,full_joint,10,0.001,2.296875,0.3,2992.0,2.8960749999999997,hypothetical_cost_sensitivity_not_currency_or_measured_deployment
matched,single,full_joint,10,0.01,2.296875,0.3,2992.0,5.588875,hypothetical_cost_sensitivity_not_currency_or_measured_deployment
matched,single,full_joint,100,0.0,2.296875,0.3,2992.0,2.596875,hypothetical_cost_sensitivity_not_currency_or_measured_deployment
matched,single,full_joint,100,0.001,2.296875,0.3,2992.0,2.626795,hypothetical_cost_sensitivity_not_currency_or_measured_deployment
matched,single,full_joint,100,0.01,2.296875,0.3,2992.0,2.8960749999999997,hypothetical_cost_sensitivity_not_currency_or_measured_deployment
matched,single,full_joint,1000,0.0,2.296875,0.3,2992.0,2.596875,hypothetical_cost_sensitivity_not_currency_or_measured_deployment
matched,single,full_joint,1000,0.001,2.296875,0.3,2992.0,2.5998669999999997,hypothetical_cost_sensitivity_not_currency_or_measured_deployment
matched,single,full_joint,1000,0.01,2.296875,0.3,2992.0,2.626795,hypothetical_cost_sensitivity_not_currency_or_measured_deployment
matched,single,never,10,0.0,3.6875,0.3,0.0,3.9875,hypothetical_cost_sensitivity_not_currency_or_measured_deployment
matched,single,never,10,0.001,3.6875,0.3,0.0,3.9875,hypothetical_cost_sensitivity_not_currency_or_measured_deployment
matched,single,never,10,0.01,3.6875,0.3,0.0,3.9875,hypothetical_cost_sensitivity_not_currency_or_measured_deployment
matched,single,never,100,0.0,3.6875,0.3,0.0,3.9875,hypothetical_cost_sensitivity_not_currency_or_measured_deployment
matched,single,never,100,0.001,3.6875,0.3,0.0,3.9875,hypothetical_cost_sensitivity_not_currency_or_measured_deployment
matched,single,never,100,0.01,3.6875,0.3,0.0,3.9875,hypothetical_cost_sensitivity_not_currency_or_measured_deployment
matched,single,never,1000,0.0,3.6875,0.3,0.0,3.9875,hypothetical_cost_sensitivity_not_currency_or_measured_deployment
matched,single,never,1000,0.001,3.6875,0.3,0.0,3.9875,hypothetical_cost_sensitivity_not_currency_or_measured_deployment
matched,single,never,1000,0.01,3.6875,0.3,0.0,3.9875,hypothetical_cost_sensitivity_not_currency_or_measured_deployment
matched,single,occupancy_16,10,0.0,2.3,0.3,1648.0,2.5999999999999996,hypothetical_cost_sensitivity_not_currency_or_measured_deployment
matched,single,occupancy_16,10,0.001,2.3,0.3,1648.0,2.7647999999999997,hypothetical_cost_sensitivity_not_currency_or_measured_deployment
matched,single,occupancy_16,10,0.01,2.3,0.3,1648.0,4.247999999999999,hypothetical_cost_sensitivity_not_currency_or_measured_deployment
matched,single,occupancy_16,100,0.0,2.3,0.3,1648.0,2.5999999999999996,hypothetical_cost_sensitivity_not_currency_or_measured_deployment
matched,single,occupancy_16,100,0.001,2.3,0.3,1648.0,2.6164799999999997,hypothetical_cost_sensitivity_not_currency_or_measured_deployment
matched,single,occupancy_16,100,0.01,2.3,0.3,1648.0,2.7647999999999997,hypothetical_cost_sensitivity_not_currency_or_measured_deployment
matched,single,occupancy_16,1000,0.0,2.3,0.3,1648.0,2.5999999999999996,hypothetical_cost_sensitivity_not_currency_or_measured_deployment
matched,single,occupancy_16,1000,0.001,2.3,0.3,1648.0,2.6016479999999995,hypothetical_cost_sensitivity_not_currency_or_measured_deployment
matched,single,occupancy_16,1000,0.01,2.3,0.3,1648.0,2.6164799999999997,hypothetical_cost_sensitivity_not_currency_or_measured_deployment
matched,single,occupancy_32,10,0.0,2.3,0.3,1904.0,2.5999999999999996,hypothetical_cost_sensitivity_not_currency_or_measured_deployment
matched,single,occupancy_32,10,0.001,2.3,0.3,1904.0,2.7903999999999995,hypothetical_cost_sensitivity_not_currency_or_measured_deployment
matched,single,occupancy_32,10,0.01,2.3,0.3,1904.0,4.504,hypothetical_cost_sensitivity_not_currency_or_measured_deployment
matched,single,occupancy_32,100,0.0,2.3,0.3,1904.0,2.5999999999999996,hypothetical_cost_sensitivity_not_currency_or_measured_deployment
matched,single,occupancy_32,100,0.001,2.3,0.3,1904.0,2.6190399999999996,hypothetical_cost_sensitivity_not_currency_or_measured_deployment
matched,single,occupancy_32,100,0.01,2.3,0.3,1904.0,2.7903999999999995,hypothetical_cost_sensitivity_not_currency_or_measured_deployment
matched,single,occupancy_32,1000,0.0,2.3,0.3,1904.0,2.5999999999999996,hypothetical_cost_sensitivity_not_currency_or_measured_deployment
matched,single,occupancy_32,1000,0.001,2.3,0.3,1904.0,2.6019039999999998,hypothetical_cost_sensitivity_not_currency_or_measured_deployment
matched,single,occupancy_32,1000,0.01,2.3,0.3,1904.0,2.6190399999999996,hypothetical_cost_sensitivity_not_currency_or_measured_deployment
matched,single,random_16,10,0.0,2.3,0.3,1648.0,2.5999999999999996,hypothetical_cost_sensitivity_not_currency_or_measured_deployment
matched,single,random_16,10,0.001,2.3,0.3,1648.0,2.7647999999999997,hypothetical_cost_sensitivity_not_currency_or_measured_deployment
matched,single,random_16,10,0.01,2.3,0.3,1648.0,4.247999999999999,hypothetical_cost_sensitivity_not_currency_or_measured_deployment
matched,single,random_16,100,0.0,2.3,0.3,1648.0,2.5999999999999996,hypothetical_cost_sensitivity_not_currency_or_measured_deployment
matched,single,random_16,100,0.001,2.3,0.3,1648.0,2.6164799999999997,hypothetical_cost_sensitivity_not_currency_or_measured_deployment
matched,single,random_16,100,0.01,2.3,0.3,1648.0,2.7647999999999997,hypothetical_cost_sensitivity_not_currency_or_measured_deployment
matched,single,random_16,1000,0.0,2.3,0.3,1648.0,2.5999999999999996,hypothetical_cost_sensitivity_not_currency_or_measured_deployment
matched,single,random_16,1000,0.001,2.3,0.3,1648.0,2.6016479999999995,hypothetical_cost_sensitivity_not_currency_or_measured_deployment
matched,single,random_16,1000,0.01,2.3,0.3,1648.0,2.6164799999999997,hypothetical_cost_sensitivity_not_currency_or_measured_deployment
matched,single,random_32,10,0.0,2.296875,0.3,1904.0,2.596875,hypothetical_cost_sensitivity_not_currency_or_measured_deployment
matched,single,random_32,10,0.001,2.296875,0.3,1904.0,2.7872749999999997,hypothetical_cost_sensitivity_not_currency_or_measured_deployment
matched,single,random_32,10,0.01,2.296875,0.3,1904.0,4.500875,hypothetical_cost_sensitivity_not_currency_or_measured_deployment
matched,single,random_32,100,0.0,2.296875,0.3,1904.0,2.596875,hypothetical_cost_sensitivity_not_currency_or_measured_deployment
matched,single,random_32,100,0.001,2.296875,0.3,1904.0,2.6159149999999998,hypothetical_cost_sensitivity_not_currency_or_measured_deployment
matched,single,random_32,100,0.01,2.296875,0.3,1904.0,2.7872749999999997,hypothetical_cost_sensitivity_not_currency_or_measured_deployment
matched,single,random_32,1000,0.0,2.296875,0.3,1904.0,2.596875,hypothetical_cost_sensitivity_not_currency_or_measured_deployment
matched,single,random_32,1000,0.001,2.296875,0.3,1904.0,2.598779,hypothetical_cost_sensitivity_not_currency_or_measured_deployment
matched,single,random_32,1000,0.01,2.296875,0.3,1904.0,2.6159149999999998,hypothetical_cost_sensitivity_not_currency_or_measured_deployment
matched,single,single_only,10,0.0,2.3,0.3,1392.0,2.5999999999999996,hypothetical_cost_sensitivity_not_currency_or_measured_deployment
matched,single,single_only,10,0.001,2.3,0.3,1392.0,2.7392,hypothetical_cost_sensitivity_not_currency_or_measured_deployment
matched,single,single_only,10,0.01,2.3,0.3,1392.0,3.9919999999999995,hypothetical_cost_sensitivity_not_currency_or_measured_deployment
matched,single,single_only,100,0.0,2.3,0.3,1392.0,2.5999999999999996,hypothetical_cost_sensitivity_not_currency_or_measured_deployment
matched,single,single_only,100,0.001,2.3,0.3,1392.0,2.61392,hypothetical_cost_sensitivity_not_currency_or_measured_deployment
matched,single,single_only,100,0.01,2.3,0.3,1392.0,2.7391999999999994,hypothetical_cost_sensitivity_not_currency_or_measured_deployment
matched,single,single_only,1000,0.0,2.3,0.3,1392.0,2.5999999999999996,hypothetical_cost_sensitivity_not_currency_or_measured_deployment
matched,single,single_only,1000,0.001,2.3,0.3,1392.0,2.6013919999999997,hypothetical_cost_sensitivity_not_currency_or_measured_deployment
matched,single,single_only,1000,0.01,2.3,0.3,1392.0,2.61392,hypothetical_cost_sensitivity_not_currency_or_measured_deployment
no_drift,shared,any_exact,10,0.0,0.396875,0.3,0.0,0.696875,hypothetical_cost_sensitivity_not_currency_or_measured_deployment
no_drift,shared,any_exact,10,0.001,0.396875,0.3,0.0,0.696875,hypothetical_cost_sensitivity_not_currency_or_measured_deployment
no_drift,shared,any_exact,10,0.01,0.396875,0.3,0.0,0.696875,hypothetical_cost_sensitivity_not_currency_or_measured_deployment
no_drift,shared,any_exact,100,0.0,0.396875,0.3,0.0,0.696875,hypothetical_cost_sensitivity_not_currency_or_measured_deployment
no_drift,shared,any_exact,100,0.001,0.396875,0.3,0.0,0.696875,hypothetical_cost_sensitivity_not_currency_or_measured_deployment
no_drift,shared,any_exact,100,0.01,0.396875,0.3,0.0,0.696875,hypothetical_cost_sensitivity_not_currency_or_measured_deployment
no_drift,shared,any_exact,1000,0.0,0.396875,0.3,0.0,0.696875,hypothetical_cost_sensitivity_not_currency_or_measured_deployment
no_drift,shared,any_exact,1000,0.001,0.396875,0.3,0.0,0.696875,hypothetical_cost_sensitivity_not_currency_or_measured_deployment
no_drift,shared,any_exact,1000,0.01,0.396875,0.3,0.0,0.696875,hypothetical_cost_sensitivity_not_currency_or_measured_deployment
no_drift,shared,decision_16,10,0.0,0.3890625,0.3,1648.0,0.6890625,hypothetical_cost_sensitivity_not_currency_or_measured_deployment
no_drift,shared,decision_16,10,0.001,0.3890625,0.3,1648.0,0.8538625,hypothetical_cost_sensitivity_not_currency_or_measured_deployment
no_drift,shared,decision_16,10,0.01,0.3890625,0.3,1648.0,2.3370625,hypothetical_cost_sensitivity_not_currency_or_measured_deployment
no_drift,shared,decision_16,100,0.0,0.3890625,0.3,1648.0,0.6890625,hypothetical_cost_sensitivity_not_currency_or_measured_deployment
no_drift,shared,decision_16,100,0.001,0.3890625,0.3,1648.0,0.7055425000000001,hypothetical_cost_sensitivity_not_currency_or_measured_deployment
no_drift,shared,decision_16,100,0.01,0.3890625,0.3,1648.0,0.8538625,hypothetical_cost_sensitivity_not_currency_or_measured_deployment
no_drift,shared,decision_16,1000,0.0,0.3890625,0.3,1648.0,0.6890625,hypothetical_cost_sensitivity_not_currency_or_measured_deployment
no_drift,shared,decision_16,1000,0.001,0.3890625,0.3,1648.0,0.6907105,hypothetical_cost_sensitivity_not_currency_or_measured_deployment
no_drift,shared,decision_16,1000,0.01,0.3890625,0.3,1648.0,0.7055425000000001,hypothetical_cost_sensitivity_not_currency_or_measured_deployment
no_drift,shared,decision_32,10,0.0,0.3890625,0.3,1904.0,0.6890625,hypothetical_cost_sensitivity_not_currency_or_measured_deployment
no_drift,shared,decision_32,10,0.001,0.3890625,0.3,1904.0,0.8794625,hypothetical_cost_sensitivity_not_currency_or_measured_deployment
no_drift,shared,decision_32,10,0.01,0.3890625,0.3,1904.0,2.5930625,hypothetical_cost_sensitivity_not_currency_or_measured_deployment
no_drift,shared,decision_32,100,0.0,0.3890625,0.3,1904.0,0.6890625,hypothetical_cost_sensitivity_not_currency_or_measured_deployment
no_drift,shared,decision_32,100,0.001,0.3890625,0.3,1904.0,0.7081025000000001,hypothetical_cost_sensitivity_not_currency_or_measured_deployment
no_drift,shared,decision_32,100,0.01,0.3890625,0.3,1904.0,0.8794625,hypothetical_cost_sensitivity_not_currency_or_measured_deployment
no_drift,shared,decision_32,1000,0.0,0.3890625,0.3,1904.0,0.6890625,hypothetical_cost_sensitivity_not_currency_or_measured_deployment
no_drift,shared,decision_32,1000,0.001,0.3890625,0.3,1904.0,0.6909665,hypothetical_cost_sensitivity_not_currency_or_measured_deployment
no_drift,shared,decision_32,1000,0.01,0.3890625,0.3,1904.0,0.7081025,hypothetical_cost_sensitivity_not_currency_or_measured_deployment
no_drift,shared,full_joint,10,0.0,0.3890625,0.3,2992.0,0.6890625,hypothetical_cost_sensitivity_not_currency_or_measured_deployment
no_drift,shared,full_joint,10,0.001,0.3890625,0.3,2992.0,0.9882625,hypothetical_cost_sensitivity_not_currency_or_measured_deployment
no_drift,shared,full_joint,10,0.01,0.3890625,0.3,2992.0,3.6810625,hypothetical_cost_sensitivity_not_currency_or_measured_deployment
no_drift,shared,full_joint,100,0.0,0.3890625,0.3,2992.0,0.6890625,hypothetical_cost_sensitivity_not_currency_or_measured_deployment
no_drift,shared,full_joint,100,0.001,0.3890625,0.3,2992.0,0.7189825,hypothetical_cost_sensitivity_not_currency_or_measured_deployment
no_drift,shared,full_joint,100,0.01,0.3890625,0.3,2992.0,0.9882625,hypothetical_cost_sensitivity_not_currency_or_measured_deployment
no_drift,shared,full_joint,1000,0.0,0.3890625,0.3,2992.0,0.6890625,hypothetical_cost_sensitivity_not_currency_or_measured_deployment
no_drift,shared,full_joint,1000,0.001,0.3890625,0.3,2992.0,0.6920545,hypothetical_cost_sensitivity_not_currency_or_measured_deployment
no_drift,shared,full_joint,1000,0.01,0.3890625,0.3,2992.0,0.7189825000000001,hypothetical_cost_sensitivity_not_currency_or_measured_deployment
no_drift,shared,never,10,0.0,0.0,0.3,0.0,0.30000000000000004,hypothetical_cost_sensitivity_not_currency_or_measured_deployment
no_drift,shared,never,10,0.001,0.0,0.3,0.0,0.30000000000000004,hypothetical_cost_sensitivity_not_currency_or_measured_deployment
no_drift,shared,never,10,0.01,0.0,0.3,0.0,0.30000000000000004,hypothetical_cost_sensitivity_not_currency_or_measured_deployment
no_drift,shared,never,100,0.0,0.0,0.3,0.0,0.30000000000000004,hypothetical_cost_sensitivity_not_currency_or_measured_deployment
no_drift,shared,never,100,0.001,0.0,0.3,0.0,0.30000000000000004,hypothetical_cost_sensitivity_not_currency_or_measured_deployment
no_drift,shared,never,100,0.01,0.0,0.3,0.0,0.30000000000000004,hypothetical_cost_sensitivity_not_currency_or_measured_deployment
no_drift,shared,never,1000,0.0,0.0,0.3,0.0,0.30000000000000004,hypothetical_cost_sensitivity_not_currency_or_measured_deployment
no_drift,shared,never,1000,0.001,0.0,0.3,0.0,0.30000000000000004,hypothetical_cost_sensitivity_not_currency_or_measured_deployment
no_drift,shared,never,1000,0.01,0.0,0.3,0.0,0.30000000000000004,hypothetical_cost_sensitivity_not_currency_or_measured_deployment
no_drift,shared,occupancy_16,10,0.0,0.3890625,0.3,1648.0,0.6890625,hypothetical_cost_sensitivity_not_currency_or_measured_deployment
no_drift,shared,occupancy_16,10,0.001,0.3890625,0.3,1648.0,0.8538625,hypothetical_cost_sensitivity_not_currency_or_measured_deployment
no_drift,shared,occupancy_16,10,0.01,0.3890625,0.3,1648.0,2.3370625,hypothetical_cost_sensitivity_not_currency_or_measured_deployment
no_drift,shared,occupancy_16,100,0.0,0.3890625,0.3,1648.0,0.6890625,hypothetical_cost_sensitivity_not_currency_or_measured_deployment
no_drift,shared,occupancy_16,100,0.001,0.3890625,0.3,1648.0,0.7055425000000001,hypothetical_cost_sensitivity_not_currency_or_measured_deployment
no_drift,shared,occupancy_16,100,0.01,0.3890625,0.3,1648.0,0.8538625,hypothetical_cost_sensitivity_not_currency_or_measured_deployment
no_drift,shared,occupancy_16,1000,0.0,0.3890625,0.3,1648.0,0.6890625,hypothetical_cost_sensitivity_not_currency_or_measured_deployment
no_drift,shared,occupancy_16,1000,0.001,0.3890625,0.3,1648.0,0.6907105,hypothetical_cost_sensitivity_not_currency_or_measured_deployment
no_drift,shared,occupancy_16,1000,0.01,0.3890625,0.3,1648.0,0.7055425000000001,hypothetical_cost_sensitivity_not_currency_or_measured_deployment
no_drift,shared,occupancy_32,10,0.0,0.3890625,0.3,1904.0,0.6890625,hypothetical_cost_sensitivity_not_currency_or_measured_deployment
no_drift,shared,occupancy_32,10,0.001,0.3890625,0.3,1904.0,0.8794625,hypothetical_cost_sensitivity_not_currency_or_measured_deployment
no_drift,shared,occupancy_32,10,0.01,0.3890625,0.3,1904.0,2.5930625,hypothetical_cost_sensitivity_not_currency_or_measured_deployment
no_drift,shared,occupancy_32,100,0.0,0.3890625,0.3,1904.0,0.6890625,hypothetical_cost_sensitivity_not_currency_or_measured_deployment
no_drift,shared,occupancy_32,100,0.001,0.3890625,0.3,1904.0,0.7081025000000001,hypothetical_cost_sensitivity_not_currency_or_measured_deployment
no_drift,shared,occupancy_32,100,0.01,0.3890625,0.3,1904.0,0.8794625,hypothetical_cost_sensitivity_not_currency_or_measured_deployment
no_drift,shared,occupancy_32,1000,0.0,0.3890625,0.3,1904.0,0.6890625,hypothetical_cost_sensitivity_not_currency_or_measured_deployment
no_drift,shared,occupancy_32,1000,0.001,0.3890625,0.3,1904.0,0.6909665,hypothetical_cost_sensitivity_not_currency_or_measured_deployment
no_drift,shared,occupancy_32,1000,0.01,0.3890625,0.3,1904.0,0.7081025,hypothetical_cost_sensitivity_not_currency_or_measured_deployment
no_drift,shared,random_16,10,0.0,0.3890625,0.3,1648.0,0.6890625,hypothetical_cost_sensitivity_not_currency_or_measured_deployment
no_drift,shared,random_16,10,0.001,0.3890625,0.3,1648.0,0.8538625,hypothetical_cost_sensitivity_not_currency_or_measured_deployment
no_drift,shared,random_16,10,0.01,0.3890625,0.3,1648.0,2.3370625,hypothetical_cost_sensitivity_not_currency_or_measured_deployment
no_drift,shared,random_16,100,0.0,0.3890625,0.3,1648.0,0.6890625,hypothetical_cost_sensitivity_not_currency_or_measured_deployment
no_drift,shared,random_16,100,0.001,0.3890625,0.3,1648.0,0.7055425000000001,hypothetical_cost_sensitivity_not_currency_or_measured_deployment
no_drift,shared,random_16,100,0.01,0.3890625,0.3,1648.0,0.8538625,hypothetical_cost_sensitivity_not_currency_or_measured_deployment
no_drift,shared,random_16,1000,0.0,0.3890625,0.3,1648.0,0.6890625,hypothetical_cost_sensitivity_not_currency_or_measured_deployment
no_drift,shared,random_16,1000,0.001,0.3890625,0.3,1648.0,0.6907105,hypothetical_cost_sensitivity_not_currency_or_measured_deployment
no_drift,shared,random_16,1000,0.01,0.3890625,0.3,1648.0,0.7055425000000001,hypothetical_cost_sensitivity_not_currency_or_measured_deployment
no_drift,shared,random_32,10,0.0,0.3890625,0.3,1904.0,0.6890625,hypothetical_cost_sensitivity_not_currency_or_measured_deployment
no_drift,shared,random_32,10,0.001,0.3890625,0.3,1904.0,0.8794625,hypothetical_cost_sensitivity_not_currency_or_measured_deployment
no_drift,shared,random_32,10,0.01,0.3890625,0.3,1904.0,2.5930625,hypothetical_cost_sensitivity_not_currency_or_measured_deployment
no_drift,shared,random_32,100,0.0,0.3890625,0.3,1904.0,0.6890625,hypothetical_cost_sensitivity_not_currency_or_measured_deployment
no_drift,shared,random_32,100,0.001,0.3890625,0.3,1904.0,0.7081025000000001,hypothetical_cost_sensitivity_not_currency_or_measured_deployment
no_drift,shared,random_32,100,0.01,0.3890625,0.3,1904.0,0.8794625,hypothetical_cost_sensitivity_not_currency_or_measured_deployment
no_drift,shared,random_32,1000,0.0,0.3890625,0.3,1904.0,0.6890625,hypothetical_cost_sensitivity_not_currency_or_measured_deployment
no_drift,shared,random_32,1000,0.001,0.3890625,0.3,1904.0,0.6909665,hypothetical_cost_sensitivity_not_currency_or_measured_deployment
no_drift,shared,random_32,1000,0.01,0.3890625,0.3,1904.0,0.7081025,hypothetical_cost_sensitivity_not_currency_or_measured_deployment
no_drift,shared,single_only,10,0.0,0.3921875,0.3,1392.0,0.6921875000000001,hypothetical_cost_sensitivity_not_currency_or_measured_deployment
no_drift,shared,single_only,10,0.001,0.3921875,0.3,1392.0,0.8313875000000001,hypothetical_cost_sensitivity_not_currency_or_measured_deployment
no_drift,shared,single_only,10,0.01,0.3921875,0.3,1392.0,2.0841875,hypothetical_cost_sensitivity_not_currency_or_measured_deployment
no_drift,shared,single_only,100,0.0,0.3921875,0.3,1392.0,0.6921875000000001,hypothetical_cost_sensitivity_not_currency_or_measured_deployment
no_drift,shared,single_only,100,0.001,0.3921875,0.3,1392.0,0.7061075000000001,hypothetical_cost_sensitivity_not_currency_or_measured_deployment
no_drift,shared,single_only,100,0.01,0.3921875,0.3,1392.0,0.8313875000000001,hypothetical_cost_sensitivity_not_currency_or_measured_deployment
no_drift,shared,single_only,1000,0.0,0.3921875,0.3,1392.0,0.6921875000000001,hypothetical_cost_sensitivity_not_currency_or_measured_deployment
no_drift,shared,single_only,1000,0.001,0.3921875,0.3,1392.0,0.6935795,hypothetical_cost_sensitivity_not_currency_or_measured_deployment
no_drift,shared,single_only,1000,0.01,0.3921875,0.3,1392.0,0.7061075000000001,hypothetical_cost_sensitivity_not_currency_or_measured_deployment
no_drift,single,any_exact,10,0.0,0.4,0.3,0.0,0.7000000000000001,hypothetical_cost_sensitivity_not_currency_or_measured_deployment
no_drift,single,any_exact,10,0.001,0.4,0.3,0.0,0.7000000000000001,hypothetical_cost_sensitivity_not_currency_or_measured_deployment
no_drift,single,any_exact,10,0.01,0.4,0.3,0.0,0.7000000000000001,hypothetical_cost_sensitivity_not_currency_or_measured_deployment
no_drift,single,any_exact,100,0.0,0.4,0.3,0.0,0.7000000000000001,hypothetical_cost_sensitivity_not_currency_or_measured_deployment
no_drift,single,any_exact,100,0.001,0.4,0.3,0.0,0.7000000000000001,hypothetical_cost_sensitivity_not_currency_or_measured_deployment
no_drift,single,any_exact,100,0.01,0.4,0.3,0.0,0.7000000000000001,hypothetical_cost_sensitivity_not_currency_or_measured_deployment
no_drift,single,any_exact,1000,0.0,0.4,0.3,0.0,0.7000000000000001,hypothetical_cost_sensitivity_not_currency_or_measured_deployment
no_drift,single,any_exact,1000,0.001,0.4,0.3,0.0,0.7000000000000001,hypothetical_cost_sensitivity_not_currency_or_measured_deployment
no_drift,single,any_exact,1000,0.01,0.4,0.3,0.0,0.7000000000000001,hypothetical_cost_sensitivity_not_currency_or_measured_deployment
no_drift,single,decision_16,10,0.0,0.390625,0.3,1648.0,0.690625,hypothetical_cost_sensitivity_not_currency_or_measured_deployment
no_drift,single,decision_16,10,0.001,0.390625,0.3,1648.0,0.8554250000000001,hypothetical_cost_sensitivity_not_currency_or_measured_deployment
no_drift,single,decision_16,10,0.01,0.390625,0.3,1648.0,2.3386250000000004,hypothetical_cost_sensitivity_not_currency_or_measured_deployment
no_drift,single,decision_16,100,0.0,0.390625,0.3,1648.0,0.690625,hypothetical_cost_sensitivity_not_currency_or_measured_deployment
no_drift,single,decision_16,100,0.001,0.390625,0.3,1648.0,0.7071050000000001,hypothetical_cost_sensitivity_not_currency_or_measured_deployment
no_drift,single,decision_16,100,0.01,0.390625,0.3,1648.0,0.8554250000000001,hypothetical_cost_sensitivity_not_currency_or_measured_deployment
no_drift,single,decision_16,1000,0.0,0.390625,0.3,1648.0,0.690625,hypothetical_cost_sensitivity_not_currency_or_measured_deployment
no_drift,single,decision_16,1000,0.001,0.390625,0.3,1648.0,0.692273,hypothetical_cost_sensitivity_not_currency_or_measured_deployment
no_drift,single,decision_16,1000,0.01,0.390625,0.3,1648.0,0.7071050000000001,hypothetical_cost_sensitivity_not_currency_or_measured_deployment
no_drift,single,decision_32,10,0.0,0.390625,0.3,1904.0,0.690625,hypothetical_cost_sensitivity_not_currency_or_measured_deployment
no_drift,single,decision_32,10,0.001,0.390625,0.3,1904.0,0.8810250000000001,hypothetical_cost_sensitivity_not_currency_or_measured_deployment
no_drift,single,decision_32,10,0.01,0.390625,0.3,1904.0,2.5946249999999997,hypothetical_cost_sensitivity_not_currency_or_measured_deployment
no_drift,single,decision_32,100,0.0,0.390625,0.3,1904.0,0.690625,hypothetical_cost_sensitivity_not_currency_or_measured_deployment
no_drift,single,decision_32,100,0.001,0.390625,0.3,1904.0,0.709665,hypothetical_cost_sensitivity_not_currency_or_measured_deployment
no_drift,single,decision_32,100,0.01,0.390625,0.3,1904.0,0.8810250000000001,hypothetical_cost_sensitivity_not_currency_or_measured_deployment
no_drift,single,decision_32,1000,0.0,0.390625,0.3,1904.0,0.690625,hypothetical_cost_sensitivity_not_currency_or_measured_deployment
no_drift,single,decision_32,1000,0.001,0.390625,0.3,1904.0,0.6925290000000001,hypothetical_cost_sensitivity_not_currency_or_measured_deployment
no_drift,single,decision_32,1000,0.01,0.390625,0.3,1904.0,0.709665,hypothetical_cost_sensitivity_not_currency_or_measured_deployment
no_drift,single,full_joint,10,0.0,0.3875,0.3,2992.0,0.6875,hypothetical_cost_sensitivity_not_currency_or_measured_deployment
no_drift,single,full_joint,10,0.001,0.3875,0.3,2992.0,0.9867,hypothetical_cost_sensitivity_not_currency_or_measured_deployment
no_drift,single,full_joint,10,0.01,0.3875,0.3,2992.0,3.6795,hypothetical_cost_sensitivity_not_currency_or_measured_deployment
no_drift,single,full_joint,100,0.0,0.3875,0.3,2992.0,0.6875,hypothetical_cost_sensitivity_not_currency_or_measured_deployment
no_drift,single,full_joint,100,0.001,0.3875,0.3,2992.0,0.71742,hypothetical_cost_sensitivity_not_currency_or_measured_deployment
no_drift,single,full_joint,100,0.01,0.3875,0.3,2992.0,0.9867,hypothetical_cost_sensitivity_not_currency_or_measured_deployment
no_drift,single,full_joint,1000,0.0,0.3875,0.3,2992.0,0.6875,hypothetical_cost_sensitivity_not_currency_or_measured_deployment
no_drift,single,full_joint,1000,0.001,0.3875,0.3,2992.0,0.690492,hypothetical_cost_sensitivity_not_currency_or_measured_deployment
no_drift,single,full_joint,1000,0.01,0.3875,0.3,2992.0,0.71742,hypothetical_cost_sensitivity_not_currency_or_measured_deployment
no_drift,single,never,10,0.0,0.0,0.3,0.0,0.30000000000000004,hypothetical_cost_sensitivity_not_currency_or_measured_deployment
no_drift,single,never,10,0.001,0.0,0.3,0.0,0.30000000000000004,hypothetical_cost_sensitivity_not_currency_or_measured_deployment
no_drift,single,never,10,0.01,0.0,0.3,0.0,0.30000000000000004,hypothetical_cost_sensitivity_not_currency_or_measured_deployment
no_drift,single,never,100,0.0,0.0,0.3,0.0,0.30000000000000004,hypothetical_cost_sensitivity_not_currency_or_measured_deployment
no_drift,single,never,100,0.001,0.0,0.3,0.0,0.30000000000000004,hypothetical_cost_sensitivity_not_currency_or_measured_deployment
no_drift,single,never,100,0.01,0.0,0.3,0.0,0.30000000000000004,hypothetical_cost_sensitivity_not_currency_or_measured_deployment
no_drift,single,never,1000,0.0,0.0,0.3,0.0,0.30000000000000004,hypothetical_cost_sensitivity_not_currency_or_measured_deployment
no_drift,single,never,1000,0.001,0.0,0.3,0.0,0.30000000000000004,hypothetical_cost_sensitivity_not_currency_or_measured_deployment
no_drift,single,never,1000,0.01,0.0,0.3,0.0,0.30000000000000004,hypothetical_cost_sensitivity_not_currency_or_measured_deployment
no_drift,single,occupancy_16,10,0.0,0.390625,0.3,1648.0,0.690625,hypothetical_cost_sensitivity_not_currency_or_measured_deployment
no_drift,single,occupancy_16,10,0.001,0.390625,0.3,1648.0,0.8554250000000001,hypothetical_cost_sensitivity_not_currency_or_measured_deployment
no_drift,single,occupancy_16,10,0.01,0.390625,0.3,1648.0,2.3386250000000004,hypothetical_cost_sensitivity_not_currency_or_measured_deployment
no_drift,single,occupancy_16,100,0.0,0.390625,0.3,1648.0,0.690625,hypothetical_cost_sensitivity_not_currency_or_measured_deployment
no_drift,single,occupancy_16,100,0.001,0.390625,0.3,1648.0,0.7071050000000001,hypothetical_cost_sensitivity_not_currency_or_measured_deployment
no_drift,single,occupancy_16,100,0.01,0.390625,0.3,1648.0,0.8554250000000001,hypothetical_cost_sensitivity_not_currency_or_measured_deployment
no_drift,single,occupancy_16,1000,0.0,0.390625,0.3,1648.0,0.690625,hypothetical_cost_sensitivity_not_currency_or_measured_deployment
no_drift,single,occupancy_16,1000,0.001,0.390625,0.3,1648.0,0.692273,hypothetical_cost_sensitivity_not_currency_or_measured_deployment
no_drift,single,occupancy_16,1000,0.01,0.390625,0.3,1648.0,0.7071050000000001,hypothetical_cost_sensitivity_not_currency_or_measured_deployment
no_drift,single,occupancy_32,10,0.0,0.390625,0.3,1904.0,0.690625,hypothetical_cost_sensitivity_not_currency_or_measured_deployment
no_drift,single,occupancy_32,10,0.001,0.390625,0.3,1904.0,0.8810250000000001,hypothetical_cost_sensitivity_not_currency_or_measured_deployment
no_drift,single,occupancy_32,10,0.01,0.390625,0.3,1904.0,2.5946249999999997,hypothetical_cost_sensitivity_not_currency_or_measured_deployment
no_drift,single,occupancy_32,100,0.0,0.390625,0.3,1904.0,0.690625,hypothetical_cost_sensitivity_not_currency_or_measured_deployment
no_drift,single,occupancy_32,100,0.001,0.390625,0.3,1904.0,0.709665,hypothetical_cost_sensitivity_not_currency_or_measured_deployment
no_drift,single,occupancy_32,100,0.01,0.390625,0.3,1904.0,0.8810250000000001,hypothetical_cost_sensitivity_not_currency_or_measured_deployment
no_drift,single,occupancy_32,1000,0.0,0.390625,0.3,1904.0,0.690625,hypothetical_cost_sensitivity_not_currency_or_measured_deployment
no_drift,single,occupancy_32,1000,0.001,0.390625,0.3,1904.0,0.6925290000000001,hypothetical_cost_sensitivity_not_currency_or_measured_deployment
no_drift,single,occupancy_32,1000,0.01,0.390625,0.3,1904.0,0.709665,hypothetical_cost_sensitivity_not_currency_or_measured_deployment
no_drift,single,random_16,10,0.0,0.390625,0.3,1648.0,0.690625,hypothetical_cost_sensitivity_not_currency_or_measured_deployment
no_drift,single,random_16,10,0.001,0.390625,0.3,1648.0,0.8554250000000001,hypothetical_cost_sensitivity_not_currency_or_measured_deployment
no_drift,single,random_16,10,0.01,0.390625,0.3,1648.0,2.3386250000000004,hypothetical_cost_sensitivity_not_currency_or_measured_deployment
no_drift,single,random_16,100,0.0,0.390625,0.3,1648.0,0.690625,hypothetical_cost_sensitivity_not_currency_or_measured_deployment
no_drift,single,random_16,100,0.001,0.390625,0.3,1648.0,0.7071050000000001,hypothetical_cost_sensitivity_not_currency_or_measured_deployment
no_drift,single,random_16,100,0.01,0.390625,0.3,1648.0,0.8554250000000001,hypothetical_cost_sensitivity_not_currency_or_measured_deployment
no_drift,single,random_16,1000,0.0,0.390625,0.3,1648.0,0.690625,hypothetical_cost_sensitivity_not_currency_or_measured_deployment
no_drift,single,random_16,1000,0.001,0.390625,0.3,1648.0,0.692273,hypothetical_cost_sensitivity_not_currency_or_measured_deployment
no_drift,single,random_16,1000,0.01,0.390625,0.3,1648.0,0.7071050000000001,hypothetical_cost_sensitivity_not_currency_or_measured_deployment
no_drift,single,random_32,10,0.0,0.3875,0.3,1904.0,0.6875,hypothetical_cost_sensitivity_not_currency_or_measured_deployment
no_drift,single,random_32,10,0.001,0.3875,0.3,1904.0,0.8779,hypothetical_cost_sensitivity_not_currency_or_measured_deployment
no_drift,single,random_32,10,0.01,0.3875,0.3,1904.0,2.5915,hypothetical_cost_sensitivity_not_currency_or_measured_deployment
no_drift,single,random_32,100,0.0,0.3875,0.3,1904.0,0.6875,hypothetical_cost_sensitivity_not_currency_or_measured_deployment
no_drift,single,random_32,100,0.001,0.3875,0.3,1904.0,0.70654,hypothetical_cost_sensitivity_not_currency_or_measured_deployment
no_drift,single,random_32,100,0.01,0.3875,0.3,1904.0,0.8779,hypothetical_cost_sensitivity_not_currency_or_measured_deployment
no_drift,single,random_32,1000,0.0,0.3875,0.3,1904.0,0.6875,hypothetical_cost_sensitivity_not_currency_or_measured_deployment
no_drift,single,random_32,1000,0.001,0.3875,0.3,1904.0,0.689404,hypothetical_cost_sensitivity_not_currency_or_measured_deployment
no_drift,single,random_32,1000,0.01,0.3875,0.3,1904.0,0.70654,hypothetical_cost_sensitivity_not_currency_or_measured_deployment
no_drift,single,single_only,10,0.0,0.39375,0.3,1392.0,0.6937500000000001,hypothetical_cost_sensitivity_not_currency_or_measured_deployment
no_drift,single,single_only,10,0.001,0.39375,0.3,1392.0,0.8329500000000001,hypothetical_cost_sensitivity_not_currency_or_measured_deployment
no_drift,single,single_only,10,0.01,0.39375,0.3,1392.0,2.08575,hypothetical_cost_sensitivity_not_currency_or_measured_deployment
no_drift,single,single_only,100,0.0,0.39375,0.3,1392.0,0.6937500000000001,hypothetical_cost_sensitivity_not_currency_or_measured_deployment
no_drift,single,single_only,100,0.001,0.39375,0.3,1392.0,0.7076700000000001,hypothetical_cost_sensitivity_not_currency_or_measured_deployment
no_drift,single,single_only,100,0.01,0.39375,0.3,1392.0,0.8329500000000001,hypothetical_cost_sensitivity_not_currency_or_measured_deployment
no_drift,single,single_only,1000,0.0,0.39375,0.3,1392.0,0.6937500000000001,hypothetical_cost_sensitivity_not_currency_or_measured_deployment
no_drift,single,single_only,1000,0.001,0.39375,0.3,1392.0,0.695142,hypothetical_cost_sensitivity_not_currency_or_measured_deployment
no_drift,single,single_only,1000,0.01,0.39375,0.3,1392.0,0.7076700000000001,hypothetical_cost_sensitivity_not_currency_or_measured_deployment
