stream,step,method,regime,order_index,probe_count,proxy_probe_cost_NOT_CURRENCY,local_planning_seconds,local_probe_seconds,local_tool_seconds,plan_request_payload_sha256,amount_status,endpoint_status,stale_related,missing_related,plan_schema_valid_recomputed,answer_schema_valid,interface_failure,json_parse_failure,truncated,missing_call_records,answer_value_correct,end_to_end_success,reference_executor_correct,plan_follows_supplied_memory,answer_follows_tool_and_plan,stale_propagation_consistent,diagnostic_note
0,0,always,no_drift,1,2,0.36,3.0207913368940353e-05,8.33338126540184e-05,2.8791138902306557e-05,a695989fe94927957280d27a5088b3f6c2ad983d72b625dbceebcf55960cbd51,fresh,fresh,False,False,True,True,False,False,False,0,True,True,True,True,True,False,Axes are observational; coincident staleness and error do not by themselves prove causality.
0,0,myopic,no_drift,3,0,0.0,7.041706703603268e-05,2.1665822714567184e-05,3.4708064049482346e-05,eb713bfbda66ceb3a47c9d4ae2efa6a0af274befb76ddcc02a54920a76e84b1a,fresh,fresh,False,False,True,True,False,False,False,0,True,True,True,True,True,False,Axes are observational; coincident staleness and error do not by themselves prove causality.
0,0,never,no_drift,4,0,0.0,7.62520357966423e-06,9.250128641724586e-06,2.92088370770216e-05,eb713bfbda66ceb3a47c9d4ae2efa6a0af274befb76ddcc02a54920a76e84b1a,fresh,fresh,False,False,True,True,False,False,False,0,True,True,True,True,True,False,Axes are observational; coincident staleness and error do not by themselves prove causality.
0,0,recheck,no_drift,2,0,0.0,0.00011837505735456944,1.9333092495799065e-05,2.291589044034481e-05,eb713bfbda66ceb3a47c9d4ae2efa6a0af274befb76ddcc02a54920a76e84b1a,fresh,fresh,False,False,True,True,False,False,False,0,True,True,True,True,True,False,Axes are observational; coincident staleness and error do not by themselves prove causality.
0,0,ttl,no_drift,0,0,0.0,1.9208062440156937e-05,3.554183058440685e-05,4.237494431436062e-05,eb713bfbda66ceb3a47c9d4ae2efa6a0af274befb76ddcc02a54920a76e84b1a,fresh,fresh,False,False,True,True,False,False,False,0,True,True,True,True,True,False,Axes are observational; coincident staleness and error do not by themselves prove causality.
0,1,always,no_drift,0,2,0.36,1.7249956727027893e-05,2.3499829694628716e-05,4.970910958945751e-05,e1388dea4166f92927bb78991f7bf948f240fbf857eae75b05f9d4be95879440,fresh,fresh,False,False,True,True,False,False,False,0,True,True,True,True,True,False,Axes are observational; coincident staleness and error do not by themselves prove causality.
0,1,myopic,no_drift,2,0,0.0,2.737506292760372e-05,2.7921050786972046e-06,3.341701813042164e-05,c3352e8445cb7ba3358f5b11f0773d681a6a3bf27ca5957251dc5c0759e5de9b,fresh,fresh,False,False,True,True,False,False,False,0,True,True,True,True,True,False,Axes are observational; coincident staleness and error do not by themselves prove causality.
0,1,never,no_drift,3,0,0.0,8.499948307871819e-06,6.041955202817917e-06,2.0416919142007828e-05,c3352e8445cb7ba3358f5b11f0773d681a6a3bf27ca5957251dc5c0759e5de9b,fresh,fresh,False,False,True,True,False,False,False,0,True,True,True,True,True,False,Axes are observational; coincident staleness and error do not by themselves prove causality.
0,1,recheck,no_drift,1,0,0.0,4.424992948770523e-05,5.00003807246685e-06,2.287491224706173e-05,c3352e8445cb7ba3358f5b11f0773d681a6a3bf27ca5957251dc5c0759e5de9b,fresh,fresh,False,False,True,True,False,False,False,0,True,True,True,True,True,False,Axes are observational; coincident staleness and error do not by themselves prove causality.
0,1,ttl,no_drift,4,0,0.0,1.1416152119636536e-05,7.709022611379623e-06,5.2625080570578575e-05,c3352e8445cb7ba3358f5b11f0773d681a6a3bf27ca5957251dc5c0759e5de9b,fresh,fresh,False,False,True,True,False,False,False,0,True,True,True,True,True,False,Axes are observational; coincident staleness and error do not by themselves prove causality.
0,2,always,no_drift,4,2,0.36,7.216702215373516e-05,5.987496115267277e-05,3.1125033274292946e-05,a11a5f45f56039e9213d77ba7ae839ba2572a3953d61540770118844c42cc159,fresh,fresh,False,False,True,True,False,False,False,0,True,True,True,True,True,False,Axes are observational; coincident staleness and error do not by themselves prove causality.
0,2,myopic,no_drift,1,0,0.0,0.00012629199773073196,5.917157977819443e-06,2.483394928276539e-05,010c2b28260d2e33f87671095269336c8356ca08d99edd6650a2c3d18b5e55ad,fresh,fresh,False,False,True,True,False,False,False,0,True,True,True,True,True,False,Axes are observational; coincident staleness and error do not by themselves prove causality.
0,2,never,no_drift,2,0,0.0,3.6670826375484467e-06,4.749977961182594e-06,2.5875167921185493e-05,010c2b28260d2e33f87671095269336c8356ca08d99edd6650a2c3d18b5e55ad,fresh,fresh,False,False,True,True,False,False,False,0,True,True,True,True,True,False,Axes are observational; coincident staleness and error do not by themselves prove causality.
0,2,recheck,no_drift,0,0,0.0,4.758313298225403e-05,3.0829105526208878e-06,5.587493069469929e-05,010c2b28260d2e33f87671095269336c8356ca08d99edd6650a2c3d18b5e55ad,fresh,fresh,False,False,True,True,False,False,False,0,True,True,True,True,True,False,Axes are observational; coincident staleness and error do not by themselves prove causality.
0,2,ttl,no_drift,3,2,0.36,1.0916031897068024e-05,4.21660952270031e-05,5.370797589421272e-05,a11a5f45f56039e9213d77ba7ae839ba2572a3953d61540770118844c42cc159,fresh,fresh,False,False,True,True,False,False,False,0,True,True,True,True,True,False,Axes are observational; coincident staleness and error do not by themselves prove causality.
0,3,always,no_drift,3,2,0.36,6.295810453593731e-05,4.77079302072525e-05,2.4624867364764214e-05,20b26bca8e6d32dffae20e17a6c9e6172e96a8f1590cc6f7c95dcd1ad46f8ec7,fresh,fresh,False,False,True,True,False,False,False,0,True,True,True,True,True,False,Axes are observational; coincident staleness and error do not by themselves prove causality.
0,3,myopic,no_drift,0,0,0.0,7.441616617143154e-05,8.041970431804657e-06,4.437519237399101e-05,ca4901cf5af1ef509dea613788aafed4fa43232573e1fa607762ad99f28c1cba,fresh,fresh,False,False,True,True,False,False,False,0,True,True,True,True,True,False,Axes are observational; coincident staleness and error do not by themselves prove causality.
0,3,never,no_drift,1,0,0.0,7.125083357095718e-06,6.375135853886604e-06,2.750009298324585e-05,ca4901cf5af1ef509dea613788aafed4fa43232573e1fa607762ad99f28c1cba,fresh,fresh,False,False,True,True,False,False,False,0,True,True,True,True,True,False,Axes are observational; coincident staleness and error do not by themselves prove causality.
0,3,recheck,no_drift,4,0,0.0,0.00020524999126791954,1.2082979083061218e-05,3.416696563363075e-05,ca4901cf5af1ef509dea613788aafed4fa43232573e1fa607762ad99f28c1cba,fresh,fresh,False,False,True,True,False,False,False,0,True,True,True,True,True,False,Axes are observational; coincident staleness and error do not by themselves prove causality.
0,3,ttl,no_drift,2,0,0.0,1.1625001206994057e-05,7.4589625000953674e-06,0.00020204205065965652,fa6c44752125da487c359e097bbedeaa466fe6e12975b3a64e7698154d447f2d,fresh,fresh,False,False,True,True,False,False,False,0,True,True,True,True,True,False,Axes are observational; coincident staleness and error do not by themselves prove causality.
0,4,always,no_drift,2,2,0.36,0.00015108403749763966,0.00013729208149015903,2.829195000231266e-05,1b23a144cd2940e6fb7ac1bce8c1897b4fa3b34aec59f88a807ee83e4ddbaf9c,fresh,fresh,False,False,True,True,False,False,False,0,True,True,True,True,True,False,Axes are observational; coincident staleness and error do not by themselves prove causality.
0,4,myopic,no_drift,4,1,0.18,5.537504330277443e-05,4.179193638265133e-05,2.4250010028481483e-05,fe92234b00d44fc4a78df34563216054a7a30554c3572dffed36b908cf6fd621,fresh,fresh,False,False,True,True,False,False,False,0,True,True,True,True,True,False,Axes are observational; coincident staleness and error do not by themselves prove causality.
0,4,never,no_drift,0,0,0.0,6.709014996886253e-06,1.1041993275284767e-05,0.00012616696767508984,6f086f5e6e07703c1cdcd57053728c700b5b98541adc4153861af93aa8de8129,fresh,fresh,False,False,True,True,False,False,False,0,True,True,True,True,True,False,Axes are observational; coincident staleness and error do not by themselves prove causality.
0,4,recheck,no_drift,3,1,0.18,0.00019199983216822147,5.679205060005188e-05,7.875030860304832e-06,fe92234b00d44fc4a78df34563216054a7a30554c3572dffed36b908cf6fd621,fresh,fresh,False,False,False,False,True,False,False,0,False,False,True,False,False,False,Axes are observational; coincident staleness and error do not by themselves prove causality.
0,4,ttl,no_drift,1,0,0.0,2.7209054678678513e-05,6.125075742602348e-06,5.300017073750496e-05,3eeca6344645266474d2fa95abe6d29be595b7f9e23c46d21c41f019c277092b,fresh,fresh,False,False,True,True,False,False,False,0,True,True,True,True,True,False,Axes are observational; coincident staleness and error do not by themselves prove causality.
0,5,always,no_drift,1,2,0.36,3.262516111135483e-05,3.345799632370472e-05,0.00015974999405443668,d29af9b5d58ec52e041372926e8461d90b87b0d2c8b5a02c287cc10b4d4ac121,fresh,fresh,False,False,True,True,False,False,False,0,True,True,True,True,True,False,Axes are observational; coincident staleness and error do not by themselves prove causality.
0,5,myopic,no_drift,3,0,0.0,0.00013433396816253662,9.499955922365189e-06,6.954185664653778e-05,b910e9383f36ad533c77f573a070000294bedec421dd4eae01c5080223861d34,fresh,fresh,False,False,True,True,False,False,False,0,True,True,True,True,True,False,Axes are observational; coincident staleness and error do not by themselves prove causality.
0,5,never,no_drift,4,0,0.0,3.7499703466892242e-06,2.9578804969787598e-06,3.279210068285465e-05,4b8016f94e6749121f5671c27be801e8c711bf6a4962b25759ff966fbeaef5f2,fresh,fresh,False,False,True,True,False,False,False,0,True,True,True,True,True,False,Axes are observational; coincident staleness and error do not by themselves prove causality.
0,5,recheck,no_drift,2,0,0.0,0.0002504168078303337,4.458008334040642e-06,5.141599103808403e-05,b910e9383f36ad533c77f573a070000294bedec421dd4eae01c5080223861d34,fresh,fresh,False,False,True,True,False,False,False,0,True,True,True,True,True,False,Axes are observational; coincident staleness and error do not by themselves prove causality.
0,5,ttl,no_drift,0,2,0.36,3.1207920983433723e-05,2.6042107492685318e-05,4.775007255375385e-05,d29af9b5d58ec52e041372926e8461d90b87b0d2c8b5a02c287cc10b4d4ac121,fresh,fresh,False,False,True,True,False,False,False,0,True,True,True,True,True,False,Axes are observational; coincident staleness and error do not by themselves prove causality.
0,6,always,no_drift,0,2,0.36,8.037500083446503e-05,3.4125056117773056e-05,1.8458813428878784e-05,6de2b52373275f45b8caef3752783613549af9e0a45d74a41cd516fbfac9123a,fresh,fresh,False,False,True,True,False,False,False,0,True,True,True,True,True,False,Axes are observational; coincident staleness and error do not by themselves prove causality.
0,6,myopic,no_drift,2,0,0.0,3.55839729309082e-05,4.665926098823547e-06,2.0833918824791908e-05,1ef38a8f361dd8397328b6f10a40668e518e412146aa92b6743bcd4716eeefc2,fresh,fresh,False,False,True,True,False,False,False,0,True,True,True,True,True,False,Axes are observational; coincident staleness and error do not by themselves prove causality.
0,6,never,no_drift,3,0,0.0,6.00004568696022e-06,6.875023245811462e-06,3.629201091825962e-05,e268983028a629de19ff2b999379f4fc315d6bdb112a296c61f6f10a561c0ab9,fresh,fresh,False,False,True,True,False,False,False,0,True,True,True,True,True,False,Axes are observational; coincident staleness and error do not by themselves prove causality.
0,6,recheck,no_drift,1,0,0.0,0.00027829199098050594,6.6659413278102875e-06,3.329198807477951e-05,1ef38a8f361dd8397328b6f10a40668e518e412146aa92b6743bcd4716eeefc2,fresh,fresh,False,False,True,True,False,False,False,0,True,True,True,True,True,False,Axes are observational; coincident staleness and error do not by themselves prove causality.
0,6,ttl,no_drift,4,0,0.0,1.2167030945420265e-05,1.1375173926353455e-05,3.624986857175827e-05,ab5bd5eb7a252f24a1b7d88cc2c7450be737e69247325ed3ba086986d12edd19,fresh,fresh,False,False,True,True,False,False,False,0,True,True,True,True,True,False,Axes are observational; coincident staleness and error do not by themselves prove causality.
0,7,always,no_drift,4,2,0.36,9.275018237531185e-05,5.033286288380623e-05,4.333397373557091e-05,b26aa31c161c9a8bdf59ed86eb305495cca95d365d5ec71ea972d44531317f14,fresh,fresh,False,False,True,True,False,False,False,0,True,True,True,True,True,False,Axes are observational; coincident staleness and error do not by themselves prove causality.
0,7,myopic,no_drift,1,1,0.18,0.0002180000301450491,4.370789974927902e-05,0.00010662502609193325,09d2af87f13a6b737db2054b46366c9d302c0a49afc1308437ddaf39500d7402,fresh,fresh,False,False,True,True,False,False,False,0,True,True,True,True,True,False,Axes are observational; coincident staleness and error do not by themselves prove causality.
0,7,never,no_drift,2,0,0.0,7.00005330145359e-06,1.0457821190357208e-05,5.074986256659031e-05,cdad5567c615a2cab94b857771c6ee30deb4765895c7fd27199f2342354ebc4d,fresh,fresh,False,False,True,True,False,False,False,0,True,True,True,True,True,False,Axes are observational; coincident staleness and error do not by themselves prove causality.
0,7,recheck,no_drift,0,1,0.18,5.6666089221835136e-05,1.3082986697554588e-05,0.00017099990509450436,09d2af87f13a6b737db2054b46366c9d302c0a49afc1308437ddaf39500d7402,fresh,fresh,False,False,True,True,False,False,False,0,True,True,True,True,True,False,Axes are observational; coincident staleness and error do not by themselves prove causality.
0,7,ttl,no_drift,3,0,0.0,1.787487417459488e-05,1.8083956092596054e-05,7.26659782230854e-05,a646771cc6e16fe2a09e2210bb7426cc722102f89e766f913f3f0d0986add07c,fresh,fresh,False,False,True,True,False,False,False,0,True,True,True,True,True,False,Axes are observational; coincident staleness and error do not by themselves prove causality.
0,8,always,no_drift,3,2,0.36,3.437488339841366e-05,0.00011895806528627872,7.27078877389431e-05,01be1fde93e277b69e7df7cce891262a8bf09094205153a15912524ad4734a5a,fresh,fresh,False,False,True,True,False,False,False,0,True,True,True,True,True,False,Axes are observational; coincident staleness and error do not by themselves prove causality.
0,8,myopic,no_drift,0,1,0.18,5.124998278915882e-05,2.4124979972839355e-05,4.183291457593441e-05,e53e0349836fb824586c77a8eb4c9e0222b804fbe6444ccd35a09b67973a4c45,fresh,fresh,False,False,True,True,False,False,False,0,True,True,True,True,True,False,Axes are observational; coincident staleness and error do not by themselves prove causality.
0,8,never,no_drift,1,0,0.0,9.95909795165062e-06,1.6582896932959557e-05,5.579087883234024e-05,37b4aae86faec71ee311f6d44e348f08f30da213ed03d0be3191ff12574c6ee0,fresh,fresh,False,False,True,True,False,False,False,0,True,True,True,True,True,False,Axes are observational; coincident staleness and error do not by themselves prove causality.
0,8,recheck,no_drift,4,1,0.18,0.00015895790420472622,3.804219886660576e-05,6.200000643730164e-05,e53e0349836fb824586c77a8eb4c9e0222b804fbe6444ccd35a09b67973a4c45,fresh,fresh,False,False,True,True,False,False,False,0,True,True,True,True,True,False,Axes are observational; coincident staleness and error do not by themselves prove causality.
0,8,ttl,no_drift,2,2,0.36,1.6208039596676826e-05,6.179115734994411e-05,5.2957795560359955e-05,01be1fde93e277b69e7df7cce891262a8bf09094205153a15912524ad4734a5a,fresh,fresh,False,False,True,True,False,False,False,0,True,True,True,True,True,False,Axes are observational; coincident staleness and error do not by themselves prove causality.
0,9,always,no_drift,2,2,0.36,7.737497799098492e-05,5.408283323049545e-05,6.716698408126831e-05,46d97960d30fa09cca703fb6b60e661af313426bf9df5f4676621a3a3de62ea5,fresh,fresh,False,False,True,True,False,False,False,0,True,True,True,True,True,False,Axes are observational; coincident staleness and error do not by themselves prove causality.
0,9,myopic,no_drift,4,1,0.18,0.00010616704821586609,2.3665837943553925e-05,6.591598503291607e-05,ce7cd1c0b7e7f2533fd1df550151eb793412def82be35bd620ec0b91291b25b7,fresh,fresh,False,False,True,True,False,False,False,0,True,True,True,True,True,False,Axes are observational; coincident staleness and error do not by themselves prove causality.
0,9,never,no_drift,0,0,0.0,6.1248429119586945e-06,7.3749106377363205e-06,3.5708071663975716e-05,ec7404dedd84a4d29b71cadecde30f33481a0c9eaf87d576c0405d8bda4ea6d7,fresh,fresh,False,False,True,True,False,False,False,0,True,True,True,True,True,False,Axes are observational; coincident staleness and error do not by themselves prove causality.
0,9,recheck,no_drift,3,1,0.18,5.374988541007042e-05,3.629201091825962e-05,5.66667877137661e-05,ce7cd1c0b7e7f2533fd1df550151eb793412def82be35bd620ec0b91291b25b7,fresh,fresh,False,False,True,True,False,False,False,0,True,True,True,True,True,False,Axes are observational; coincident staleness and error do not by themselves prove causality.
0,9,ttl,no_drift,1,0,0.0,1.0249903425574303e-05,1.7707934603095055e-05,4.754099063575268e-05,024a9a78f062038f701ae78b6271f429933a5e19d68b631a20e2620361198dc1,fresh,fresh,False,False,True,True,False,False,False,0,True,True,True,True,True,False,Axes are observational; coincident staleness and error do not by themselves prove causality.
0,10,always,no_drift,1,2,0.36,1.3875076547265053e-05,3.2916897907853127e-05,5.466700531542301e-05,573434770142ccd799f492031fbffffa787bf4efbe08252a06918383bbb6f908,fresh,fresh,False,False,True,True,False,False,False,0,True,True,True,True,True,False,Axes are observational; coincident staleness and error do not by themselves prove causality.
0,10,myopic,no_drift,3,1,0.18,3.437488339841366e-05,2.5625107809901237e-05,5.124998278915882e-05,0f06c971b56a6a149f2de3192b9d1a1beded91089c58fb6aa5cf2c4a37316e83,fresh,fresh,False,False,True,True,False,False,False,0,True,True,True,True,True,False,Axes are observational; coincident staleness and error do not by themselves prove causality.
0,10,never,no_drift,4,0,0.0,1.1458061635494232e-05,1.1333031579852104e-05,4.891701973974705e-05,a6be1ef8203fc13f9d1a7bd1b7b1cea96f26a0d46123871f56e305333686aa30,fresh,fresh,False,False,True,True,False,False,False,0,True,True,True,True,True,False,Axes are observational; coincident staleness and error do not by themselves prove causality.
0,10,recheck,no_drift,2,1,0.18,0.00020054099150002003,5.5499840527772903e-05,4.075001925230026e-05,0f06c971b56a6a149f2de3192b9d1a1beded91089c58fb6aa5cf2c4a37316e83,fresh,fresh,False,False,True,True,False,False,False,0,True,True,True,True,True,False,Axes are observational; coincident staleness and error do not by themselves prove causality.
0,10,ttl,no_drift,0,0,0.0,1.3666925951838493e-05,1.550000160932541e-05,0.0001166248694062233,c85940aef43369c66702386ae21d1b6c828350db38bdefc0ee9ce6fb178c6da5,fresh,fresh,False,False,True,True,False,False,False,0,True,True,True,True,True,False,Axes are observational; coincident staleness and error do not by themselves prove causality.
0,11,always,no_drift,0,2,0.36,0.00016479194164276123,4.424992948770523e-05,3.9499951526522636e-05,fd9fcfa9d9a3f910025f53bffd6ed759e5a1ed1167b1bb5a67b8e5ae71978eb5,fresh,fresh,False,False,True,True,False,False,False,0,True,True,True,True,True,False,Axes are observational; coincident staleness and error do not by themselves prove causality.
0,11,myopic,no_drift,2,1,0.18,3.291713073849678e-05,2.9042130336165428e-05,7.704086601734161e-05,2bc0d77e2f18f1cced0034279711389ddb1422c0a0f557c56f6c839ea2f0e058,fresh,fresh,False,False,True,True,False,False,False,0,True,True,True,True,True,False,Axes are observational; coincident staleness and error do not by themselves prove causality.
0,11,never,no_drift,3,0,0.0,7.417052984237671e-06,7.375143468379974e-06,6.050011143088341e-05,d7982f0ec7b8e3445f55b62b188480e19397b69689cd772642f65f40e1c9e3b9,fresh,fresh,False,False,True,True,False,False,False,0,True,True,True,True,True,False,Axes are observational; coincident staleness and error do not by themselves prove causality.
0,11,recheck,no_drift,1,1,0.18,5.633290857076645e-05,3.6499928683042526e-05,5.2708201110363007e-05,2bc0d77e2f18f1cced0034279711389ddb1422c0a0f557c56f6c839ea2f0e058,fresh,fresh,False,False,True,True,False,False,False,0,True,True,True,True,True,False,Axes are observational; coincident staleness and error do not by themselves prove causality.
0,11,ttl,no_drift,4,2,0.36,3.808317705988884e-05,4.791608080267906e-05,6.11250288784504e-05,fd9fcfa9d9a3f910025f53bffd6ed759e5a1ed1167b1bb5a67b8e5ae71978eb5,fresh,fresh,False,False,True,True,False,False,False,0,True,True,True,True,True,False,Axes are observational; coincident staleness and error do not by themselves prove causality.
1,0,always,hidden_drift,4,2,0.36,1.654098741710186e-05,5.9542013332247734e-05,5.462486296892166e-05,3fb77991090c37bc16229ebb195e0dbbf1ebc1448ec7b774fab35ed0cc81ffcb,fresh,fresh,False,False,True,True,False,False,False,0,True,True,True,True,True,False,Axes are observational; coincident staleness and error do not by themselves prove causality.
1,0,myopic,hidden_drift,0,0,0.0,3.595789894461632e-05,1.4042016118764877e-05,0.0001307909842580557,82f85ee890ba6c86d1586b798d149c346671006cf4bf75addad078509fe9f827,fresh,fresh,False,False,True,True,False,False,False,0,True,True,True,True,True,False,Axes are observational; coincident staleness and error do not by themselves prove causality.
1,0,never,hidden_drift,1,0,0.0,4.833098500967026e-06,5.62518835067749e-06,5.541602149605751e-05,82f85ee890ba6c86d1586b798d149c346671006cf4bf75addad078509fe9f827,fresh,fresh,False,False,True,True,False,False,False,0,True,True,True,True,True,False,Axes are observational; coincident staleness and error do not by themselves prove causality.
1,0,recheck,hidden_drift,3,0,0.0,0.0001424162182956934,9.832903742790222e-06,6.962497718632221e-05,82f85ee890ba6c86d1586b798d149c346671006cf4bf75addad078509fe9f827,fresh,fresh,False,False,True,True,False,False,False,0,True,True,True,True,True,False,Axes are observational; coincident staleness and error do not by themselves prove causality.
1,0,ttl,hidden_drift,2,0,0.0,7.583992555737495e-06,4.875008016824722e-06,7.27921724319458e-05,82f85ee890ba6c86d1586b798d149c346671006cf4bf75addad078509fe9f827,fresh,fresh,False,False,True,True,False,False,False,0,True,True,True,True,True,False,Axes are observational; coincident staleness and error do not by themselves prove causality.
1,1,always,hidden_drift,3,2,0.36,0.00012125005014240742,6.54999166727066e-05,4.087504930794239e-05,837f4aa8dbdaeed8186eead95f1e000ecc9aa946f064cb012fca3492ec720613,fresh,fresh,False,False,True,True,False,False,False,0,True,True,True,True,True,False,Axes are observational; coincident staleness and error do not by themselves prove causality.
1,1,myopic,hidden_drift,4,2,0.36,0.0001662911381572485,5.308398976922035e-05,4.691607318818569e-05,837f4aa8dbdaeed8186eead95f1e000ecc9aa946f064cb012fca3492ec720613,fresh,fresh,False,False,True,True,False,False,False,0,True,True,True,True,True,False,Axes are observational; coincident staleness and error do not by themselves prove causality.
1,1,never,hidden_drift,0,0,0.0,4.458939656615257e-06,5.749985575675964e-06,5.5582961067557335e-05,4df8578514d5103537f997aadc64ab99bda281abe32129fc0a4988e87063f9c8,fresh,fresh,False,False,True,True,False,False,False,0,True,True,True,True,True,False,Axes are observational; coincident staleness and error do not by themselves prove causality.
1,1,recheck,hidden_drift,2,2,0.36,0.00019449996761977673,6.52919989079237e-05,5.829194560647011e-05,837f4aa8dbdaeed8186eead95f1e000ecc9aa946f064cb012fca3492ec720613,fresh,fresh,False,False,True,True,False,False,False,0,True,True,True,True,True,False,Axes are observational; coincident staleness and error do not by themselves prove causality.
1,1,ttl,hidden_drift,1,0,0.0,4.0291110053658485e-05,5.292007699608803e-06,5.070888437330723e-05,4df8578514d5103537f997aadc64ab99bda281abe32129fc0a4988e87063f9c8,fresh,fresh,False,False,True,True,False,False,False,0,True,True,True,True,True,False,Axes are observational; coincident staleness and error do not by themselves prove causality.
1,2,always,hidden_drift,2,2,0.36,1.812516711652279e-05,5.383300594985485e-05,5.979207344353199e-05,acec813b4867c1f55280710ce95f483521b35fd6d85d00270ae2b6351f554c45,fresh,fresh,False,False,True,True,False,False,False,0,True,True,True,True,True,False,Axes are observational; coincident staleness and error do not by themselves prove causality.
1,2,myopic,hidden_drift,3,0,0.0,6.720796227455139e-05,8.95792618393898e-06,7.612491026520729e-05,2d806fad9b5c4aa0e05d62499455c89b07b5885d940e5aca10923fd07cd9a11c,fresh,fresh,False,False,True,True,False,False,False,0,True,True,True,True,True,False,Axes are observational; coincident staleness and error do not by themselves prove causality.
1,2,never,hidden_drift,4,0,0.0,1.733400858938694e-05,1.6249949112534523e-05,6.908411160111427e-05,00cfd3e20f8ba22203df24cfbc5a6076100685bd37cecec1e1e14504a624886e,fresh,fresh,False,False,True,True,False,False,False,0,True,True,True,True,True,False,Axes are observational; coincident staleness and error do not by themselves prove causality.
1,2,recheck,hidden_drift,1,0,0.0,6.245891563594341e-05,6.791902706027031e-06,5.033309571444988e-05,2d806fad9b5c4aa0e05d62499455c89b07b5885d940e5aca10923fd07cd9a11c,fresh,fresh,False,False,True,True,False,False,False,0,True,True,True,True,True,False,Axes are observational; coincident staleness and error do not by themselves prove causality.
1,2,ttl,hidden_drift,0,2,0.36,1.5208963304758072e-05,3.1125033274292946e-05,3.3207936212420464e-05,acec813b4867c1f55280710ce95f483521b35fd6d85d00270ae2b6351f554c45,fresh,fresh,False,False,True,True,False,False,False,0,True,True,True,True,True,False,Axes are observational; coincident staleness and error do not by themselves prove causality.
1,3,always,hidden_drift,1,2,0.36,0.0001258340198546648,6.083305925130844e-05,5.575013346970081e-05,16877d18d07c0c979f433b3bb4aa013ac22ca1aed98f5c1ce056db9fba7a87b0,fresh,fresh,False,False,True,True,False,False,False,0,True,True,True,True,True,False,Axes are observational; coincident staleness and error do not by themselves prove causality.
1,3,myopic,hidden_drift,2,2,0.36,7.583294063806534e-05,2.837507054209709e-05,4.575005732476711e-05,16877d18d07c0c979f433b3bb4aa013ac22ca1aed98f5c1ce056db9fba7a87b0,fresh,fresh,False,False,True,True,False,False,False,0,True,True,True,True,True,False,Axes are observational; coincident staleness and error do not by themselves prove causality.
1,3,never,hidden_drift,3,0,0.0,6.9998204708099365e-06,8.00006091594696e-06,5.6916847825050354e-05,19fed0f3fbd6ccea49315a7779bec87e346bf63073f605cba8afd83e67a06c39,fresh,fresh,False,False,True,True,False,False,False,0,True,True,True,True,True,False,Axes are observational; coincident staleness and error do not by themselves prove causality.
1,3,recheck,hidden_drift,0,2,0.36,0.0002772500738501549,2.691592089831829e-05,4.570907913148403e-05,16877d18d07c0c979f433b3bb4aa013ac22ca1aed98f5c1ce056db9fba7a87b0,fresh,fresh,False,False,True,True,False,False,False,0,True,True,True,True,True,False,Axes are observational; coincident staleness and error do not by themselves prove causality.
1,3,ttl,hidden_drift,4,0,0.0,1.929188147187233e-05,6.292015314102173e-06,4.9291178584098816e-05,9ce7abe5bdc4062d59541df984cf40f039c2b607cd35fee8d3de04dd7c1bf5ce,fresh,fresh,False,False,True,True,False,False,False,0,True,True,True,True,True,False,Axes are observational; coincident staleness and error do not by themselves prove causality.
1,4,always,hidden_drift,0,2,0.36,2.437504008412361e-05,3.0291033908724785e-05,6.487499922513962e-05,faa3dc0d4dca8d8e26f166759705c8dcd57b336b69ea4479f0f8dd062a61d8e0,fresh,fresh,False,False,True,True,False,False,False,0,True,True,True,True,True,False,Axes are observational; coincident staleness and error do not by themselves prove causality.
1,4,myopic,hidden_drift,1,0,0.0,5.512498319149017e-05,8.417060598731041e-06,5.608284845948219e-05,81695d194377393b037dd304995bc70e82e6cf67f794d7604b0f6bf0d0ec296b,fresh,fresh,False,False,True,True,False,False,False,0,True,True,True,True,True,False,Axes are observational; coincident staleness and error do not by themselves prove causality.
1,4,never,hidden_drift,2,0,0.0,3.5420525819063187e-06,3.375113010406494e-06,7.44168646633625e-05,91f6762fe1fb2031e1ab1d380f5066717b15f35c1988bbfc76b0f02b5e775db5,fresh,fresh,False,False,True,True,False,False,False,0,True,True,True,True,True,False,Axes are observational; coincident staleness and error do not by themselves prove causality.
1,4,recheck,hidden_drift,4,0,0.0,0.0001260829158127308,1.2458069249987602e-05,6.487499922513962e-05,81695d194377393b037dd304995bc70e82e6cf67f794d7604b0f6bf0d0ec296b,fresh,fresh,False,False,True,True,False,False,False,0,True,True,True,True,True,False,Axes are observational; coincident staleness and error do not by themselves prove causality.
1,4,ttl,hidden_drift,3,0,0.0,1.2584030628204346e-05,8.292030543088913e-06,5.395803600549698e-05,a47dc73670b0724aa0639facd2c945054eec4c90f7b7f6ae14a55fad4cd6c972,fresh,fresh,False,False,True,True,False,False,False,0,True,True,True,True,True,False,Axes are observational; coincident staleness and error do not by themselves prove causality.
1,5,always,hidden_drift,4,2,0.36,0.00016704201698303223,0.0001465831883251667,6.0416990891098976e-05,63f3f175f729329e7558c6ce145d94ad0d6e24d2ef54045c3fded24565fa4c9b,fresh,fresh,False,False,True,True,False,False,False,0,True,True,True,True,True,False,Axes are observational; coincident staleness and error do not by themselves prove causality.
1,5,myopic,hidden_drift,0,2,0.36,0.00014820904470980167,4.1416846215724945e-05,5.8833975344896317e-05,63f3f175f729329e7558c6ce145d94ad0d6e24d2ef54045c3fded24565fa4c9b,fresh,fresh,False,False,True,True,False,False,False,0,True,True,True,True,True,False,Axes are observational; coincident staleness and error do not by themselves prove causality.
1,5,never,hidden_drift,1,0,0.0,7.250113412737846e-06,7.125083357095718e-06,4.2291125282645226e-05,c2a122cd2bc5b0cf60fb0716abe43b83052afc38f43658bc702d13373641d8f7,fresh,fresh,False,False,True,True,False,False,False,0,True,True,True,True,True,False,Axes are observational; coincident staleness and error do not by themselves prove causality.
1,5,recheck,hidden_drift,3,2,0.36,5.829194560647011e-05,4.762480966746807e-05,6.208405829966068e-05,63f3f175f729329e7558c6ce145d94ad0d6e24d2ef54045c3fded24565fa4c9b,fresh,fresh,False,False,True,True,False,False,False,0,True,True,True,True,True,False,Axes are observational; coincident staleness and error do not by themselves prove causality.
1,5,ttl,hidden_drift,2,2,0.36,3.0207913368940353e-05,4.6666013076901436e-05,5.7833967730402946e-05,63f3f175f729329e7558c6ce145d94ad0d6e24d2ef54045c3fded24565fa4c9b,fresh,fresh,False,False,True,True,False,False,False,0,True,True,True,True,True,False,Axes are observational; coincident staleness and error do not by themselves prove causality.
1,6,always,hidden_drift,3,2,0.36,1.629185862839222e-05,8.141598664224148e-05,4.691700451076031e-05,882edf99b6ce0bb47811ba1509e0e9ec685a1bf3607fbb7044324aecf3a276e7,fresh,fresh,False,False,True,True,False,False,False,0,True,True,True,True,True,False,Axes are observational; coincident staleness and error do not by themselves prove causality.
1,6,myopic,hidden_drift,4,0,0.0,0.00011066603474318981,1.937500201165676e-05,6.229197606444359e-05,69b64a629dc56d79fc1bdce980f235af82a73f18203bcdfcb93d301e9ad6552e,fresh,stale,True,False,True,True,False,False,False,0,False,False,False,True,True,True,Axes are observational; coincident staleness and error do not by themselves prove causality.
1,6,never,hidden_drift,0,0,0.0,6.292015314102173e-06,1.0834075510501862e-05,0.00018145795911550522,afc8ad0dcf17365c13033bcf22829eefdb0ad3b0922e8ba6c4441f9e0605cb7a,fresh,stale,True,False,True,True,False,False,False,0,False,False,False,True,True,True,Axes are observational; coincident staleness and error do not by themselves prove causality.
1,6,recheck,hidden_drift,2,0,0.0,0.00025762501172721386,2.150004729628563e-05,5.370797589421272e-05,69b64a629dc56d79fc1bdce980f235af82a73f18203bcdfcb93d301e9ad6552e,fresh,stale,True,False,True,True,False,False,False,0,False,False,False,True,True,True,Axes are observational; coincident staleness and error do not by themselves prove causality.
1,6,ttl,hidden_drift,1,0,0.0,6.441609002649784e-05,2.987496554851532e-05,4.283408634364605e-05,69b64a629dc56d79fc1bdce980f235af82a73f18203bcdfcb93d301e9ad6552e,fresh,stale,True,False,True,True,False,False,False,0,False,False,False,True,True,True,Axes are observational; coincident staleness and error do not by themselves prove causality.
1,7,always,hidden_drift,2,2,0.36,8.670799434185028e-05,5.6584132835268974e-05,3.9041973650455475e-05,b9efaa06298652bc1a6c5d8f1f39ab7ba5f602fa51c95f64663aa41f28107a56,fresh,fresh,False,False,True,True,False,False,False,0,True,True,True,True,True,False,Axes are observational; coincident staleness and error do not by themselves prove causality.
1,7,myopic,hidden_drift,3,2,0.36,6.679096259176731e-05,5.9582991525530815e-05,5.5625103414058685e-05,b9efaa06298652bc1a6c5d8f1f39ab7ba5f602fa51c95f64663aa41f28107a56,fresh,fresh,False,False,True,True,False,False,False,0,True,True,True,True,True,False,Axes are observational; coincident staleness and error do not by themselves prove causality.
1,7,never,hidden_drift,4,0,0.0,7.20820389688015e-06,9.95793379843235e-06,0.00010754191316664219,08bd0d618749638d15ef93e59cfbf5c34a2e2e1f721bcfdfcc99948f10981755,fresh,stale,True,False,True,True,False,False,False,0,False,False,False,True,True,True,Axes are observational; coincident staleness and error do not by themselves prove causality.
1,7,recheck,hidden_drift,1,2,0.36,5.0208065658807755e-05,5.675014108419418e-05,5.1791081205010414e-05,b9efaa06298652bc1a6c5d8f1f39ab7ba5f602fa51c95f64663aa41f28107a56,fresh,fresh,False,False,True,True,False,False,False,0,False,False,True,True,False,False,Axes are observational; coincident staleness and error do not by themselves prove causality.
1,7,ttl,hidden_drift,0,0,0.0,1.4124903827905655e-05,6.95791095495224e-06,5.566701292991638e-05,0a192e18287b863191fddae0f2800f790d6fb355971a4284169e3cb627416478,fresh,stale,True,False,True,True,False,False,False,0,False,False,False,True,True,True,Axes are observational; coincident staleness and error do not by themselves prove causality.
1,8,always,hidden_drift,1,2,0.36,1.8459046259522438e-05,5.7416968047618866e-05,5.120784044265747e-05,f56826ed738bb8b1efed072e1dc2a12b1cade03e47e0236da8d0d6b80258dce5,fresh,fresh,False,False,True,True,False,False,False,0,True,True,True,True,True,False,Axes are observational; coincident staleness and error do not by themselves prove causality.
1,8,myopic,hidden_drift,2,0,0.0,6.291689351201057e-05,1.2875068932771683e-05,9.8041957244277e-05,1b7bdbc0dae33d37dd3ed109416de1e6205c159cdc3f16cf94aa102b016ac623,fresh,fresh,False,False,True,True,False,False,False,0,True,True,True,True,True,False,Axes are observational; coincident staleness and error do not by themselves prove causality.
1,8,never,hidden_drift,3,0,0.0,6.875023245811462e-06,7.834052667021751e-06,5.870801396667957e-05,ce050827c46c4a65597a8605d2be6fb6cb6c8ae2b991781f5730f5e10858cfe0,fresh,stale,True,False,True,True,False,False,False,0,False,False,False,True,True,True,Axes are observational; coincident staleness and error do not by themselves prove causality.
1,8,recheck,hidden_drift,0,0,0.0,9.404192678630352e-05,6.166985258460045e-06,6.212480366230011e-05,1b7bdbc0dae33d37dd3ed109416de1e6205c159cdc3f16cf94aa102b016ac623,fresh,fresh,False,False,True,True,False,False,False,0,True,True,True,True,True,False,Axes are observational; coincident staleness and error do not by themselves prove causality.
1,8,ttl,hidden_drift,4,2,0.36,1.4541903510689735e-05,4.1207997128367424e-05,5.933293141424656e-05,f56826ed738bb8b1efed072e1dc2a12b1cade03e47e0236da8d0d6b80258dce5,fresh,fresh,False,False,True,True,False,False,False,0,True,True,True,True,True,False,Axes are observational; coincident staleness and error do not by themselves prove causality.
1,9,always,hidden_drift,0,2,0.36,1.9124941900372505e-05,2.6291003450751305e-05,4.3625012040138245e-05,fc6e81b395d604ef12357da3526d387396775b01aa29ba77afb96157182e096d,fresh,fresh,False,False,True,True,False,False,False,0,True,True,True,True,True,False,Axes are observational; coincident staleness and error do not by themselves prove causality.
1,9,myopic,hidden_drift,1,1,0.18,4.341593012213707e-05,5.208281800150871e-05,5.483278073370457e-05,88ef34721c988084450dbb4a87a1eaafeeee859d7a7b93987512f2cc270e642f,fresh,fresh,False,False,True,True,False,False,False,0,True,True,True,True,True,False,Axes are observational; coincident staleness and error do not by themselves prove causality.
1,9,never,hidden_drift,2,0,0.0,1.3499986380338669e-05,8.500181138515472e-06,3.558304160833359e-05,2fe9e2bd53fe677f1845b72e6882ee4262e1b1f35ceb61569bdb7c488e99ad8a,fresh,fresh,False,False,True,True,False,False,False,0,True,True,True,True,True,False,Axes are observational; coincident staleness and error do not by themselves prove causality.
1,9,recheck,hidden_drift,4,1,0.18,0.0001292091328650713,3.820913843810558e-05,5.1374780014157295e-05,88ef34721c988084450dbb4a87a1eaafeeee859d7a7b93987512f2cc270e642f,fresh,fresh,False,False,True,True,False,False,False,0,True,True,True,True,True,False,Axes are observational; coincident staleness and error do not by themselves prove causality.
1,9,ttl,hidden_drift,3,0,0.0,3.9667123928666115e-05,7.166992872953415e-06,4.9167079851031303e-05,a34f9b4cda3c3c43ebfdabc0d903d86141861e815251c421f95c9ae366997394,fresh,stale,True,False,True,True,False,False,False,0,False,False,False,True,True,True,Axes are observational; coincident staleness and error do not by themselves prove causality.
1,10,always,hidden_drift,4,2,0.36,6.975000724196434e-05,4.129204899072647e-05,3.637513145804405e-05,583a64ef703d72f57a916bf51d96cee3006cd13c79b852cc50393a8adb78acf0,fresh,fresh,False,False,True,True,False,False,False,0,True,True,True,True,True,False,Axes are observational; coincident staleness and error do not by themselves prove causality.
1,10,myopic,hidden_drift,0,0,0.0,0.00014170794747769833,7.2089023888111115e-06,4.3457839637994766e-05,689bac31eba55e84e78c322c9e91213b0f8d5c689dc490fa662e23c68b9bd239,fresh,fresh,False,False,True,True,False,False,False,0,True,True,True,True,True,False,Axes are observational; coincident staleness and error do not by themselves prove causality.
1,10,never,hidden_drift,1,0,0.0,1.7041107639670372e-05,2.1792016923427582e-05,4.5459019020199776e-05,e7f1fb66fce6fcd00a77da540a6de89adcbd125b14485da954a77f59c81359ac,fresh,fresh,False,False,True,True,False,False,False,0,True,True,True,True,True,False,Axes are observational; coincident staleness and error do not by themselves prove causality.
1,10,recheck,hidden_drift,3,0,0.0,6.237486377358437e-05,7.00005330145359e-06,4.8916786909103394e-05,689bac31eba55e84e78c322c9e91213b0f8d5c689dc490fa662e23c68b9bd239,fresh,fresh,False,False,True,True,False,False,False,0,True,True,True,True,True,False,Axes are observational; coincident staleness and error do not by themselves prove causality.
1,10,ttl,hidden_drift,2,0,0.0,8.95792618393898e-06,8.875038474798203e-06,5.037500523030758e-05,997fe9890f1fbb98551fc1c1afa137a195565173dbe568c12155219fd9992cbb,fresh,stale,True,False,True,True,False,False,False,0,False,False,False,True,True,True,Axes are observational; coincident staleness and error do not by themselves prove causality.
1,11,always,hidden_drift,3,2,0.36,4.070787690579891e-05,8.41252040117979e-05,4.541594535112381e-05,6c217bb802aea7176c01be10690f0860f448ee4d7e29b2138020c548d42f3ab1,fresh,fresh,False,False,True,True,False,False,False,0,True,True,True,True,True,False,Axes are observational; coincident staleness and error do not by themselves prove causality.
1,11,myopic,hidden_drift,4,1,0.18,5.77080063521862e-05,3.9999838918447495e-05,4.2750034481287e-05,cfac824d0a231183d151b6a7a42960b039e7b9abf6978d75e0c46b1bec3c004d,fresh,fresh,False,False,True,True,False,False,False,0,True,True,True,True,True,False,Axes are observational; coincident staleness and error do not by themselves prove causality.
1,11,never,hidden_drift,0,0,0.0,1.133396290242672e-05,1.7999904230237007e-05,4.7625042498111725e-05,305bca3c9f266cd56aeb024354a275cf1b3f15287ad00bb27bda28c299aa3a0d,fresh,fresh,False,False,True,True,False,False,False,0,True,True,True,True,True,False,Axes are observational; coincident staleness and error do not by themselves prove causality.
1,11,recheck,hidden_drift,2,1,0.18,0.00017495802603662014,5.99580816924572e-05,4.8582907766103745e-05,cfac824d0a231183d151b6a7a42960b039e7b9abf6978d75e0c46b1bec3c004d,fresh,fresh,False,False,True,True,False,False,False,0,True,True,True,True,True,False,Axes are observational; coincident staleness and error do not by themselves prove causality.
1,11,ttl,hidden_drift,1,2,0.36,9.457813575863838e-06,5.200016312301159e-05,5.6582968682050705e-05,6c217bb802aea7176c01be10690f0860f448ee4d7e29b2138020c548d42f3ab1,fresh,fresh,False,False,True,True,False,False,False,0,True,True,True,True,True,False,Axes are observational; coincident staleness and error do not by themselves prove causality.
2,0,always,no_drift,0,2,0.44,2.9624905437231064e-05,3.7624966353178024e-05,8.399994112551212e-05,3ddf574a8b91282344f334eae86dedf33b8a3b712207bc6e20e48a07fe5b2b6c,fresh,fresh,False,False,True,True,False,False,False,0,True,True,True,True,True,False,Axes are observational; coincident staleness and error do not by themselves prove causality.
2,0,myopic,no_drift,3,0,0.0,4.695798270404339e-05,5.041947588324547e-06,4.4082989916205406e-05,2e40c42f3d592dcd355719bef95e2323a10dd8110c70967471112eeb492bd2da,fresh,fresh,False,False,True,True,False,False,False,0,True,True,True,True,True,False,Axes are observational; coincident staleness and error do not by themselves prove causality.
2,0,never,no_drift,1,0,0.0,1.1625001206994057e-05,2.3957807570695877e-05,1.0334188118577003e-05,2e40c42f3d592dcd355719bef95e2323a10dd8110c70967471112eeb492bd2da,fresh,fresh,False,False,False,False,True,False,False,0,False,False,True,False,False,False,Axes are observational; coincident staleness and error do not by themselves prove causality.
2,0,recheck,no_drift,2,0,0.0,7.112487219274044e-05,1.200009137392044e-05,5.733291618525982e-05,2e40c42f3d592dcd355719bef95e2323a10dd8110c70967471112eeb492bd2da,fresh,fresh,False,False,True,True,False,False,False,0,True,True,True,True,True,False,Axes are observational; coincident staleness and error do not by themselves prove causality.
2,0,ttl,no_drift,4,0,0.0,1.0499963536858559e-05,7.667113095521927e-06,7.316586561501026e-05,2e40c42f3d592dcd355719bef95e2323a10dd8110c70967471112eeb492bd2da,fresh,fresh,False,False,True,True,False,False,False,0,True,True,True,True,True,False,Axes are observational; coincident staleness and error do not by themselves prove causality.
2,1,always,no_drift,4,2,0.44,6.512505933642387e-05,0.00011499994434416294,1.1084135621786118e-05,f0b8bc01445dfdf69debdf09ea889c78bf868cf6f16f81b92a35434eb8cfd2c5,fresh,fresh,False,False,False,False,True,False,False,0,False,False,True,False,False,False,Axes are observational; coincident staleness and error do not by themselves prove causality.
2,1,myopic,no_drift,2,0,0.0,5.5958982557058334e-05,8.58306884765625e-06,3.404100425541401e-05,27b8c3d4d342441b5e665fb19c8925992574fb63d7010f6d4bf1fe1048a45b0e,fresh,fresh,False,False,True,True,False,False,False,0,True,True,True,True,True,False,Axes are observational; coincident staleness and error do not by themselves prove causality.
2,1,never,no_drift,0,0,0.0,6.667105481028557e-06,8.58306884765625e-06,3.433390520513058e-05,27b8c3d4d342441b5e665fb19c8925992574fb63d7010f6d4bf1fe1048a45b0e,fresh,fresh,False,False,True,True,False,False,False,0,True,True,True,True,True,False,Axes are observational; coincident staleness and error do not by themselves prove causality.
2,1,recheck,no_drift,1,1,0.22,0.0001698751002550125,4.795799031853676e-05,3.341701813042164e-05,a7a0013dce4cb10c443b356a90879bb208bf5626a8685325bf871deba8aed07f,fresh,fresh,False,False,True,True,False,False,False,0,True,True,True,True,True,False,Axes are observational; coincident staleness and error do not by themselves prove causality.
2,1,ttl,no_drift,3,0,0.0,1.7750076949596405e-05,7.333001121878624e-06,9.462493471801281e-05,27b8c3d4d342441b5e665fb19c8925992574fb63d7010f6d4bf1fe1048a45b0e,fresh,fresh,False,False,True,True,False,False,False,0,True,True,True,True,True,False,Axes are observational; coincident staleness and error do not by themselves prove causality.
2,2,always,no_drift,3,2,0.44,4.529207944869995e-05,7.091718725860119e-05,2.3667002096772194e-05,e9212e577fe2b3043585178af6b70a9ace004f7938b48a5f85b12fad827725f9,fresh,fresh,False,False,True,True,False,False,False,0,True,True,True,True,True,False,Axes are observational; coincident staleness and error do not by themselves prove causality.
2,2,myopic,no_drift,1,1,0.22,0.00011866702698171139,3.1624920666217804e-05,3.4624943509697914e-05,525bd23a1406105e276d6470d842812c1d83eaa7e3555584c054d15bf223a9a8,fresh,fresh,False,False,True,True,False,False,False,0,True,True,True,True,True,False,Axes are observational; coincident staleness and error do not by themselves prove causality.
2,2,never,no_drift,4,0,0.0,8.665956556797028e-06,1.2457836419343948e-05,4.349998198449612e-05,0ede76609539910837f1496acbcce0e372b2620e0c52cfa23de862d15bfcd5f3,fresh,fresh,False,False,True,True,False,False,False,0,True,True,True,True,True,False,Axes are observational; coincident staleness and error do not by themselves prove causality.
2,2,recheck,no_drift,0,1,0.22,9.058299474418163e-05,1.133396290242672e-05,0.0001027500256896019,cdf6c2ae64a1ae3c7a8c3e15ba423fcb559ec30ac9cdb1cc6bd21b5148a614a7,fresh,fresh,False,False,True,True,False,False,False,0,True,True,True,True,True,False,Axes are observational; coincident staleness and error do not by themselves prove causality.
2,2,ttl,no_drift,2,2,0.44,1.0084128007292747e-05,4.991702735424042e-05,4.9208989366889e-05,e9212e577fe2b3043585178af6b70a9ace004f7938b48a5f85b12fad827725f9,fresh,fresh,False,False,True,True,False,False,False,0,True,True,True,True,True,False,Axes are observational; coincident staleness and error do not by themselves prove causality.
2,3,always,no_drift,2,2,0.44,2.8125010430812836e-05,5.5416952818632126e-05,3.9250124245882034e-05,67125ea10d53d09c36f6fdcc6fe764a40ad4090175a442458fdf988180fe7c2f,fresh,fresh,False,False,True,True,False,False,False,0,True,True,True,True,True,False,Axes are observational; coincident staleness and error do not by themselves prove causality.
2,3,myopic,no_drift,0,0,0.0,0.00011683418415486813,1.550000160932541e-05,4.833401180803776e-05,114c395216e14e8cfb630e489a1deca978be4c274f4f6ce5c7307bf50fbcbcec,fresh,fresh,False,False,True,True,False,False,False,0,True,True,True,True,True,False,Axes are observational; coincident staleness and error do not by themselves prove causality.
2,3,never,no_drift,3,0,0.0,9.20821912586689e-06,1.3541895896196365e-05,2.6957830414175987e-05,614f8b59a41f1345df6db2665fcb6b29ddeacb0b0391d997ca76a53fb15f2b38,fresh,fresh,False,False,True,True,False,False,False,0,True,True,True,True,True,False,Axes are observational; coincident staleness and error do not by themselves prove causality.
2,3,recheck,no_drift,4,0,0.0,0.00013120798394083977,7.125083357095718e-06,5.187513306736946e-05,4d3f93bd11972ba32951946bef84cc93ac7894dd01bcc33e9120338244aadd35,fresh,fresh,False,False,True,True,False,False,False,0,True,True,True,True,True,False,Axes are observational; coincident staleness and error do not by themselves prove causality.
2,3,ttl,no_drift,1,0,0.0,1.9499799236655235e-05,4.9578957259655e-06,5.162484012544155e-05,17b683c5c198c66b59a54ca30e0ea22275a197aa0b959ccb4064def064841618,fresh,fresh,False,False,True,True,False,False,False,0,True,True,True,True,True,False,Axes are observational; coincident staleness and error do not by themselves prove causality.
2,4,always,no_drift,1,2,0.44,9.991694241762161e-05,5.9208134189248085e-05,3.983289934694767e-05,99bb7cbd863ba7a85fb48d9128c63fbd0e51515ef21625db55f61614ef5246a5,fresh,fresh,False,False,True,True,False,False,False,0,True,True,True,True,True,False,Axes are observational; coincident staleness and error do not by themselves prove causality.
2,4,myopic,no_drift,4,0,0.0,0.00010100007057189941,7.875030860304832e-06,0.0001599169336259365,d91884807574b2cef66f2f4a55aa1666f2a785db3020c00ce721168af3c76e09,fresh,fresh,False,False,True,True,False,False,False,0,True,True,True,True,True,False,Axes are observational; coincident staleness and error do not by themselves prove causality.
2,4,never,no_drift,2,0,0.0,4.749977961182594e-06,6.8338122218847275e-06,3.74580267816782e-05,43a1b015554eb03472f7c77fe07ee160cc8294b073f134e98e7e366503ea861f,fresh,fresh,False,False,True,True,False,False,False,0,True,True,True,True,True,False,Axes are observational; coincident staleness and error do not by themselves prove causality.
2,4,recheck,no_drift,3,1,0.22,0.00020416686311364174,5.716690793633461e-05,2.1875137463212013e-05,45d4a550e39dc0cc2bad620739610935f8f1674feab8ac53cd0018eda178dd9d,fresh,fresh,False,False,True,True,False,False,False,0,True,True,True,True,True,False,Axes are observational; coincident staleness and error do not by themselves prove causality.
2,4,ttl,no_drift,0,0,0.0,7.033394649624825e-05,1.579197123646736e-05,4.5833876356482506e-05,9fe302e9c4095f4dc19985c233977024a96a4d6b9daef0107752eabfd50a9a68,fresh,fresh,False,False,True,True,False,False,False,0,True,True,True,True,True,False,Axes are observational; coincident staleness and error do not by themselves prove causality.
2,5,always,no_drift,0,2,0.44,9.591598063707352e-05,3.9582839235663414e-05,2.4624867364764214e-05,5d352343e8b672a83f0f03bced2ddd9b98d56b17ec71d3e2060c2af7dca58bd4,fresh,fresh,False,False,True,True,False,False,False,0,True,True,True,True,True,False,Axes are observational; coincident staleness and error do not by themselves prove causality.
2,5,myopic,no_drift,3,1,0.22,0.0002995000686496496,0.00024608406238257885,2.370891161262989e-05,df9f5be912c4bb92333a826c1107cb2ec55020058bd0306ea57a70f01a51e659,fresh,fresh,False,False,True,True,False,False,False,0,True,True,True,True,True,False,Axes are observational; coincident staleness and error do not by themselves prove causality.
2,5,never,no_drift,1,0,0.0,1.908303238451481e-05,1.3208016753196716e-05,4.283292219042778e-05,43aa43bf8f5f434a18944361630b4ca174e78874896a1660bc0171a4ffc3de25,fresh,fresh,False,False,True,True,False,False,False,0,True,True,True,True,True,False,Axes are observational; coincident staleness and error do not by themselves prove causality.
2,5,recheck,no_drift,2,1,0.22,9.079091250896454e-05,2.2791093215346336e-05,4.354189150035381e-05,f23c588838722dc306d499f519b118697593a2f49a37f61a9d5a911504ba4a6a,fresh,fresh,False,False,True,True,False,False,False,0,False,False,True,True,False,False,Axes are observational; coincident staleness and error do not by themselves prove causality.
2,5,ttl,no_drift,4,2,0.44,5.620904266834259e-05,0.00014104112051427364,3.3624935895204544e-05,5d352343e8b672a83f0f03bced2ddd9b98d56b17ec71d3e2060c2af7dca58bd4,fresh,fresh,False,False,True,True,False,False,False,0,True,True,True,True,True,False,Axes are observational; coincident staleness and error do not by themselves prove causality.
2,6,always,no_drift,4,2,0.44,6.950017996132374e-05,0.00012541702017188072,3.854185342788696e-05,a681446e79ac8decbd02096564c4b142af36809ef7fc6a2c5f9196427865fdc9,fresh,fresh,False,False,True,True,False,False,False,0,True,True,True,True,True,False,Axes are observational; coincident staleness and error do not by themselves prove causality.
2,6,myopic,no_drift,2,0,0.0,0.00010979198850691319,5.624955520033836e-06,0.00013554096221923828,e2c9e1bd2907ed0a5a1bdc4893833e9fb928d87589368fe5b201a68685395863,fresh,fresh,False,False,True,True,False,False,False,0,True,True,True,True,True,False,Axes are observational; coincident staleness and error do not by themselves prove causality.
2,6,never,no_drift,0,0,0.0,6.624963134527206e-06,2.9578804969787598e-06,2.3082830011844635e-05,c319440379f1798f363558ddf9ca26b331f939c10d19693f2a9cc9df43e88560,fresh,fresh,False,False,True,True,False,False,False,0,True,True,True,True,True,False,Axes are observational; coincident staleness and error do not by themselves prove causality.
2,6,recheck,no_drift,1,0,0.0,0.00019299983978271484,5.979207344353199e-05,4.395912401378155e-05,278e241cc19d54145afc471ce76efc9900bbf43f5453db62d13b077a0baa9c65,fresh,fresh,False,False,True,True,False,False,False,0,True,True,True,True,True,False,Axes are observational; coincident staleness and error do not by themselves prove causality.
2,6,ttl,no_drift,3,0,0.0,2.0292121917009354e-05,1.4084158465266228e-05,3.179116174578667e-05,77b249b0b672e89392405b3456052722805d2acf030183f613c3b102800ec117,fresh,fresh,False,False,True,True,False,False,False,0,True,True,True,True,True,False,Axes are observational; coincident staleness and error do not by themselves prove causality.
2,7,always,no_drift,3,2,0.44,3.287498839199543e-05,7.02079851180315e-05,6.120908074080944e-05,35b4ae1ca1226b6a8e9d4f56a1657d69447906b037bfee2e0e2f5c2b4e0374ab,fresh,fresh,False,False,True,True,False,False,False,0,True,True,True,True,True,False,Axes are observational; coincident staleness and error do not by themselves prove causality.
2,7,myopic,no_drift,1,1,0.22,0.00011054216884076595,4.283292219042778e-05,3.245915286242962e-05,39d997c0e13fe46974cac399b6c115ffc368e4b5f49200f16cd7a040572852ca,fresh,fresh,False,False,True,True,False,False,False,0,True,True,True,True,True,False,Axes are observational; coincident staleness and error do not by themselves prove causality.
2,7,never,no_drift,4,0,0.0,6.416114047169685e-06,9.667128324508667e-06,4.7625042498111725e-05,21ddd309e4942e6a4ba802e9ec536012a23bb1c759b63667986ab7eace77988e,fresh,fresh,False,False,True,True,False,False,False,0,True,True,True,True,True,False,Axes are observational; coincident staleness and error do not by themselves prove causality.
2,7,recheck,no_drift,0,1,0.22,7.758289575576782e-05,2.4082837626338005e-05,3.5708071663975716e-05,39d997c0e13fe46974cac399b6c115ffc368e4b5f49200f16cd7a040572852ca,fresh,fresh,False,False,True,True,False,False,False,0,True,True,True,True,True,False,Axes are observational; coincident staleness and error do not by themselves prove causality.
2,7,ttl,no_drift,2,0,0.0,1.3667158782482147e-05,1.2125121429562569e-05,7.049995474517345e-05,029df4ef6165de02bdde901726cb971e97256e8a057de947d9e58c825e39cdec,fresh,fresh,False,False,True,True,False,False,False,0,True,True,True,True,True,False,Axes are observational; coincident staleness and error do not by themselves prove causality.
2,8,always,no_drift,2,2,0.44,2.0209001377224922e-05,5.545793101191521e-05,3.395881503820419e-05,7ca785d8efc57494a0c4e6df46debc835bf14d4fa9437591a94ca3b2922e9735,fresh,fresh,False,False,True,True,False,False,False,0,True,True,True,True,True,False,Axes are observational; coincident staleness and error do not by themselves prove causality.
2,8,myopic,no_drift,0,0,0.0,5.720905028283596e-05,7.792143151164055e-06,0.00027420814149081707,4f28e127d6e03d63f3ac726cd59fdb44afca3b837788230b7f747523bb41ab7a,fresh,fresh,False,False,True,True,False,False,False,0,True,True,True,True,True,False,Axes are observational; coincident staleness and error do not by themselves prove causality.
2,8,never,no_drift,3,0,0.0,8.667120710015297e-06,9.333016350865364e-06,3.937492147088051e-05,14c8171a23a89046383d967c3b839950e5052f99b15e5663d6aaf0528c15af3d,fresh,fresh,False,False,True,True,False,False,False,0,True,True,True,True,True,False,Axes are observational; coincident staleness and error do not by themselves prove causality.
2,8,recheck,no_drift,4,0,0.0,0.00016574980691075325,1.3999873772263527e-05,4.295795224606991e-05,4f28e127d6e03d63f3ac726cd59fdb44afca3b837788230b7f747523bb41ab7a,fresh,fresh,False,False,True,True,False,False,False,0,True,True,True,True,True,False,Axes are observational; coincident staleness and error do not by themselves prove causality.
2,8,ttl,no_drift,1,2,0.44,5.2042072638869286e-05,7.950002327561378e-05,3.766687586903572e-05,7ca785d8efc57494a0c4e6df46debc835bf14d4fa9437591a94ca3b2922e9735,fresh,fresh,False,False,True,True,False,False,False,0,True,True,True,True,True,False,Axes are observational; coincident staleness and error do not by themselves prove causality.
2,9,always,no_drift,1,2,0.44,2.4875160306692123e-05,5.41249755769968e-05,6.141699850559235e-05,43cb89742fdce59ed513ee5ae977d73908dacb5a9f74ad77dde5ad70b69db9f1,fresh,fresh,False,False,True,True,False,False,False,0,True,True,True,True,True,False,Axes are observational; coincident staleness and error do not by themselves prove causality.
2,9,myopic,no_drift,4,1,0.22,9.612506255507469e-05,3.804219886660576e-05,4.2958883568644524e-05,8bf9edbabef3cb3a96268d4236a25fa0dfb092bdd879841d5150ca0b3b5f3ff0,fresh,fresh,False,False,True,True,False,False,False,0,True,True,True,True,True,False,Axes are observational; coincident staleness and error do not by themselves prove causality.
2,9,never,no_drift,2,0,0.0,9.875046089291573e-06,2.5041867047548294e-05,0.00016762502491474152,b742e72a2f1908644798a31e5b99cf95c233a690bbbb3ec2372d820572c755d3,fresh,fresh,False,False,True,True,False,False,False,0,True,True,True,True,True,False,Axes are observational; coincident staleness and error do not by themselves prove causality.
2,9,recheck,no_drift,3,2,0.44,0.00013049994595348835,3.2125040888786316e-05,7.654190994799137e-05,43cb89742fdce59ed513ee5ae977d73908dacb5a9f74ad77dde5ad70b69db9f1,fresh,fresh,False,False,True,True,False,False,False,0,True,True,True,True,True,False,Axes are observational; coincident staleness and error do not by themselves prove causality.
2,9,ttl,no_drift,0,0,0.0,9.666895493865013e-06,1.1249911040067673e-05,0.00011595804244279861,5a0ade35fb1ab850b759e9d17766af8f0832033cdb9b2fb6a423bed458bcf30c,fresh,fresh,False,False,True,True,False,False,False,0,True,True,True,True,True,False,Axes are observational; coincident staleness and error do not by themselves prove causality.
2,10,always,no_drift,0,2,0.44,9.287497960031033e-05,4.800013266503811e-05,6.466591730713844e-05,6720d82df09301f35630c2207492c7471cdc9e20689460f902f148f2fd87dc81,fresh,fresh,False,False,True,True,False,False,False,0,True,True,True,True,True,False,Axes are observational; coincident staleness and error do not by themselves prove causality.
2,10,myopic,no_drift,3,1,0.22,0.00012608407996594906,3.874977119266987e-05,5.9625133872032166e-05,cd8098ada51e1986219ffe1f15505f18bd155e8fd82afbb437805d5476ca3849,fresh,fresh,False,False,True,True,False,False,False,0,True,True,True,True,True,False,Axes are observational; coincident staleness and error do not by themselves prove causality.
2,10,never,no_drift,1,0,0.0,7.541151717305183e-06,5.583977326750755e-06,4.94588166475296e-05,43bab9c6ff81d313943c11ffaaaeaed4a7ba25e39f3a20808f978f104a382c68,fresh,fresh,False,False,True,True,False,False,False,0,True,True,True,True,True,False,Axes are observational; coincident staleness and error do not by themselves prove causality.
2,10,recheck,no_drift,2,0,0.0,0.0001998748630285263,8.624978363513947e-06,9.758397936820984e-05,f7f8965e23e840297c2bbf5704d5dbfbdfc1930717e64e0df9be0d6f7cb8be9d,fresh,fresh,False,False,True,True,False,False,False,0,True,True,True,True,True,False,Axes are observational; coincident staleness and error do not by themselves prove causality.
2,10,ttl,no_drift,4,0,0.0,3.091595135629177e-05,2.0459061488509178e-05,9.15410928428173e-05,704c5b7ff7d799982cd56399586f6c2a9b38149a91f37acd3e861e4e3a0f9270,fresh,fresh,False,False,True,True,False,False,False,0,True,True,True,True,True,False,Axes are observational; coincident staleness and error do not by themselves prove causality.
2,11,always,no_drift,4,2,0.44,6.88750296831131e-05,7.504201494157314e-05,3.85830644518137e-05,98b061ed2b87a6af0368d99253e893fa479c472c6c6f6ffff317ad41a8255023,fresh,fresh,False,False,True,True,False,False,False,0,True,True,True,True,True,False,Axes are observational; coincident staleness and error do not by themselves prove causality.
2,11,myopic,no_drift,2,0,0.0,0.0001216670498251915,8.083879947662354e-06,5.512498319149017e-05,92b6614cd13615cd34d4e0ec10667bd2bc2deb5884ee1e4079858a2175f9367f,fresh,fresh,False,False,True,True,False,False,False,0,True,True,True,True,True,False,Axes are observational; coincident staleness and error do not by themselves prove causality.
2,11,never,no_drift,0,0,0.0,2.3374799638986588e-05,8.290866389870644e-06,7.524993270635605e-05,f2c6291717fba5b8efd87e1454fdcce3aae94d154ad73fb02d81c577ceb0b8fd,fresh,fresh,False,False,True,True,False,False,False,0,True,True,True,True,True,False,Axes are observational; coincident staleness and error do not by themselves prove causality.
2,11,recheck,no_drift,1,0,0.0,0.0001945828553289175,7.20820389688015e-06,4.0499959141016006e-05,a855ffb9843aca7e77b84cd071108293efceab7ff84db2296a4a380c92c286a8,fresh,fresh,False,False,True,True,False,False,False,0,True,True,True,True,True,False,Axes are observational; coincident staleness and error do not by themselves prove causality.
2,11,ttl,no_drift,3,2,0.44,2.287491224706173e-05,9.283307008445263e-05,6.0374848544597626e-05,98b061ed2b87a6af0368d99253e893fa479c472c6c6f6ffff317ad41a8255023,fresh,fresh,False,False,True,True,False,False,False,0,True,True,True,True,True,False,Axes are observational; coincident staleness and error do not by themselves prove causality.
3,0,always,hidden_drift,1,2,0.44,4.7666020691394806e-05,5.145790055394173e-05,6.145797669887543e-05,77e004ec7dab10e1081837dbb08ed52986adb59a039ce2c8afbf0b8729cd3054,fresh,fresh,False,False,True,True,False,False,False,0,True,True,True,True,True,False,Axes are observational; coincident staleness and error do not by themselves prove causality.
3,0,myopic,hidden_drift,2,0,0.0,5.0208065658807755e-05,1.2834090739488602e-05,5.35410363227129e-05,a08dabb01d9a19971b879cc07f53b739778840a217ff5069eebd864c709fcb76,fresh,fresh,False,False,True,True,False,False,False,0,True,True,True,True,True,False,Axes are observational; coincident staleness and error do not by themselves prove causality.
3,0,never,hidden_drift,3,0,0.0,5.583977326750755e-06,6.458023563027382e-06,5.674990825355053e-05,a08dabb01d9a19971b879cc07f53b739778840a217ff5069eebd864c709fcb76,fresh,fresh,False,False,True,True,False,False,False,0,True,True,True,True,True,False,Axes are observational; coincident staleness and error do not by themselves prove causality.
3,0,recheck,hidden_drift,4,0,0.0,9.908410720527172e-05,2.1750107407569885e-05,5.391612648963928e-05,a08dabb01d9a19971b879cc07f53b739778840a217ff5069eebd864c709fcb76,fresh,fresh,False,False,True,True,False,False,False,0,True,True,True,True,True,False,Axes are observational; coincident staleness and error do not by themselves prove causality.
3,0,ttl,hidden_drift,0,0,0.0,1.1208001524209976e-05,2.0333100110292435e-05,0.00012504193000495434,a08dabb01d9a19971b879cc07f53b739778840a217ff5069eebd864c709fcb76,fresh,fresh,False,False,True,True,False,False,False,0,True,True,True,True,True,False,Axes are observational; coincident staleness and error do not by themselves prove causality.
3,1,always,hidden_drift,0,2,0.44,1.6458099707961082e-05,2.4958979338407516e-05,6.108288653194904e-05,d7dc9c90bf8a6f1fa196e9fdebec31359374107dc23d361e1b6c041991302ae4,fresh,fresh,False,False,True,True,False,False,False,0,True,True,True,True,True,False,Axes are observational; coincident staleness and error do not by themselves prove causality.
3,1,myopic,hidden_drift,1,0,0.0,0.0002030001487582922,2.5250017642974854e-05,7.325015030801296e-05,0de536b115f045512801a95e3e6343e0bc8abf62cfb2dc43a4966f49cec5ad26,fresh,fresh,False,False,True,True,False,False,False,0,True,True,True,True,True,False,Axes are observational; coincident staleness and error do not by themselves prove causality.
3,1,never,hidden_drift,2,0,0.0,2.474989742040634e-05,1.770886592566967e-05,6.312504410743713e-05,0de536b115f045512801a95e3e6343e0bc8abf62cfb2dc43a4966f49cec5ad26,fresh,fresh,False,False,True,True,False,False,False,0,True,True,True,True,True,False,Axes are observational; coincident staleness and error do not by themselves prove causality.
3,1,recheck,hidden_drift,3,2,0.44,0.0001004999503493309,5.887518636882305e-05,6.0750171542167664e-05,d7dc9c90bf8a6f1fa196e9fdebec31359374107dc23d361e1b6c041991302ae4,fresh,fresh,False,False,True,True,False,False,False,0,True,True,True,True,True,False,Axes are observational; coincident staleness and error do not by themselves prove causality.
3,1,ttl,hidden_drift,4,0,0.0,9.916955605149269e-06,6.917165592312813e-06,4.74581029266119e-05,0de536b115f045512801a95e3e6343e0bc8abf62cfb2dc43a4966f49cec5ad26,fresh,fresh,False,False,True,True,False,False,False,0,True,True,True,True,True,False,Axes are observational; coincident staleness and error do not by themselves prove causality.
3,2,always,hidden_drift,4,2,0.44,2.6250025257468224e-05,3.641587682068348e-05,4.233303479850292e-05,0c301a960d3f01b8c2db5a5f2442c31eefb5c65923d490983ca46559d7874477,fresh,fresh,False,False,True,True,False,False,False,0,True,True,True,True,True,False,Axes are observational; coincident staleness and error do not by themselves prove causality.
3,2,myopic,hidden_drift,0,2,0.44,9.645801037549973e-05,0.0001096248161047697,0.000157458009198308,0c301a960d3f01b8c2db5a5f2442c31eefb5c65923d490983ca46559d7874477,fresh,fresh,False,False,True,True,False,False,False,0,True,True,True,True,True,False,Axes are observational; coincident staleness and error do not by themselves prove causality.
3,2,never,hidden_drift,1,0,0.0,1.0042218491435051e-05,1.4709075912833214e-05,4.533398896455765e-05,cadb06d0089122cc88709e228a8d8a00526ca7aebd1ccf38d636de6b86c6af4d,fresh,stale,True,False,True,True,False,False,False,0,False,False,False,True,True,True,Axes are observational; coincident staleness and error do not by themselves prove causality.
3,2,recheck,hidden_drift,2,0,0.0,0.00019408389925956726,1.1707888916134834e-05,4.862481728196144e-05,0196a0bcc7c348580b56d170400e1519a5fa86a68d3b9a4045fcd76343808330,fresh,stale,True,False,True,True,False,False,False,0,False,False,False,True,True,True,Axes are observational; coincident staleness and error do not by themselves prove causality.
3,2,ttl,hidden_drift,3,2,0.44,8.708098903298378e-06,4.970910958945751e-05,4.88748773932457e-05,0c301a960d3f01b8c2db5a5f2442c31eefb5c65923d490983ca46559d7874477,fresh,fresh,False,False,True,True,False,False,False,0,True,True,True,True,True,False,Axes are observational; coincident staleness and error do not by themselves prove causality.
3,3,always,hidden_drift,3,2,0.44,2.395804040133953e-05,5.13328704982996e-05,6.283284164965153e-05,79f264b6aec897b7eee9d796f1d24ca0b0521e3a372c207122402281d6b65256,fresh,fresh,False,False,True,True,False,False,False,0,True,True,True,True,True,False,Axes are observational; coincident staleness and error do not by themselves prove causality.
3,3,myopic,hidden_drift,4,0,0.0,0.00015191594138741493,6.332993507385254e-06,5.508307367563248e-05,025f72e080924afcdf69991b019d887c8323776d1f79fc7dcc5d994d7bfa39b7,fresh,stale,True,False,True,True,False,False,False,0,False,False,False,True,True,True,Axes are observational; coincident staleness and error do not by themselves prove causality.
3,3,never,hidden_drift,0,0,0.0,1.0333023965358734e-05,1.9750092178583145e-05,6.16251491010189e-05,cbe700efea89c5b8db9371780baa06a7fef6368ebca738d756acee94251243ef,fresh,fresh,False,False,True,True,False,False,False,0,True,True,True,True,True,False,Axes are observational; coincident staleness and error do not by themselves prove causality.
3,3,recheck,hidden_drift,1,2,0.44,5.8167148381471634e-05,4.491605795919895e-05,4.000007174909115e-05,79f264b6aec897b7eee9d796f1d24ca0b0521e3a372c207122402281d6b65256,fresh,fresh,False,False,True,True,False,False,False,0,True,True,True,True,True,False,Axes are observational; coincident staleness and error do not by themselves prove causality.
3,3,ttl,hidden_drift,2,0,0.0,8.624978363513947e-06,7.3339324444532394e-06,9.354110807180405e-05,025f72e080924afcdf69991b019d887c8323776d1f79fc7dcc5d994d7bfa39b7,fresh,stale,True,False,True,True,False,False,False,0,False,False,False,True,True,True,Axes are observational; coincident staleness and error do not by themselves prove causality.
3,4,always,hidden_drift,2,2,0.44,9.912485256791115e-05,0.0001032920554280281,3.333296626806259e-05,ad41f26c22dcf58eb93a6602731fb3f79bc09a401fac4ed80d54b2edee109887,fresh,fresh,False,False,True,True,False,False,False,0,True,True,True,True,True,False,Axes are observational; coincident staleness and error do not by themselves prove causality.
3,4,myopic,hidden_drift,3,0,0.0,3.7082936614751816e-05,5.832873284816742e-06,3.74161172658205e-05,4d0315c5f21b16b512c2073b5ac1a4046d5cb70da16ae6066a7da7b621f33b04,stale,fresh,False,False,True,True,False,False,False,0,True,True,True,True,True,False,Axes are observational; coincident staleness and error do not by themselves prove causality.
3,4,never,hidden_drift,4,0,0.0,9.499955922365189e-06,1.7415964975953102e-05,2.9291026294231415e-05,3369c8f03ece5284a44722948f3ab051e175ba017bb992f6f663f513d088a506,stale,stale,False,False,True,True,False,False,False,0,True,True,True,True,True,False,Axes are observational; coincident staleness and error do not by themselves prove causality.
3,4,recheck,hidden_drift,0,0,0.0,0.0001932498998939991,3.3207936212420464e-05,0.00016237515956163406,5fbde1c601a9cbada2e187c559f023839b53c193e56dc338c43c648d39f205fd,stale,stale,False,False,True,True,False,False,False,0,True,True,True,True,True,False,Axes are observational; coincident staleness and error do not by themselves prove causality.
3,4,ttl,hidden_drift,1,0,0.0,9.833835065364838e-06,2.2083986550569534e-05,4.441593773663044e-05,4d0315c5f21b16b512c2073b5ac1a4046d5cb70da16ae6066a7da7b621f33b04,stale,fresh,False,False,True,True,False,False,False,0,True,True,True,True,True,False,Axes are observational; coincident staleness and error do not by themselves prove causality.
3,5,always,hidden_drift,1,2,0.44,2.1582935005426407e-05,5.2625080570578575e-05,4.091695882380009e-05,975c1a0ad62188652488290026c167ed9b19fffcaea6e6a1930f0624eb5ac1a1,fresh,fresh,False,False,True,True,False,False,False,0,True,True,True,True,True,False,Axes are observational; coincident staleness and error do not by themselves prove causality.
3,5,myopic,hidden_drift,2,0,0.0,7.399986498057842e-05,8.458038792014122e-06,2.7791131287813187e-05,f3d9521f8d71f992705dc36ba7f2c6d4e2f6002305f1e54033ac28fbfbe3f360,fresh,stale,False,False,True,True,False,False,False,0,True,True,True,True,True,False,Axes are observational; coincident staleness and error do not by themselves prove causality.
3,5,never,hidden_drift,3,0,0.0,8.542090654373169e-06,1.300009898841381e-05,3.0041905120015144e-05,e201e3f984fd543ffe63f543790f01c98ff3b17268a14a68fe4991c9db7429c1,fresh,fresh,False,False,True,True,False,False,False,0,True,True,True,True,True,False,Axes are observational; coincident staleness and error do not by themselves prove causality.
3,5,recheck,hidden_drift,4,0,0.0,0.00010941596701741219,9.167008101940155e-06,4.0624989196658134e-05,4397e18835d035cf20bf946e5ae6594e5c934c2b89b824268ffab45a23386ce4,fresh,fresh,False,False,True,True,False,False,False,0,True,True,True,True,True,False,Axes are observational; coincident staleness and error do not by themselves prove causality.
3,5,ttl,hidden_drift,0,2,0.44,1.0333023965358734e-05,3.695813938975334e-05,3.891601227223873e-05,975c1a0ad62188652488290026c167ed9b19fffcaea6e6a1930f0624eb5ac1a1,fresh,fresh,False,False,True,True,False,False,False,0,True,True,True,True,True,False,Axes are observational; coincident staleness and error do not by themselves prove causality.
3,6,always,hidden_drift,0,2,0.44,5.587493069469929e-05,8.79999715834856e-05,3.99579294025898e-05,a064257a761c2e3110cd53dfb6d0c72325db77e4b492f2f0f05268d64ba17339,fresh,fresh,False,False,True,True,False,False,False,0,True,True,True,True,True,False,Axes are observational; coincident staleness and error do not by themselves prove causality.
3,6,myopic,hidden_drift,1,0,0.0,2.658320590853691e-05,5.209119990468025e-06,3.624986857175827e-05,1e4db72c521f1f81c39a6e22186e6da6861d5bb7f68de84ea7dcde55827b137d,fresh,stale,False,False,True,True,False,False,False,0,True,True,True,True,True,False,Axes are observational; coincident staleness and error do not by themselves prove causality.
3,6,never,hidden_drift,2,0,0.0,5.624955520033836e-06,6.417045369744301e-06,3.8499943912029266e-05,0516546494ca12456b0ee8d17c6a23c2837fb4c7146ad185d482643da18c1d20,fresh,fresh,False,False,True,True,False,False,False,0,True,True,True,True,True,False,Axes are observational; coincident staleness and error do not by themselves prove causality.
3,6,recheck,hidden_drift,3,0,0.0,6.574997678399086e-05,5.499925464391708e-06,4.012486897408962e-05,11c71ee3f3c5d501b3951ff80d9bd2b93d3f07829b35e34102209e26456433d1,fresh,fresh,False,False,True,True,False,False,False,0,True,True,True,True,True,False,Axes are observational; coincident staleness and error do not by themselves prove causality.
3,6,ttl,hidden_drift,4,0,0.0,1.1249911040067673e-05,6.875023245811462e-06,3.41248232871294e-05,b590224a83b7c73e6dce3e90956ee70d7980d934e096ab8df414dcc9a748fc5e,fresh,fresh,False,False,True,True,False,False,False,0,True,True,True,True,True,False,Axes are observational; coincident staleness and error do not by themselves prove causality.
3,7,always,hidden_drift,4,2,0.44,4.495796747505665e-05,5.5167125537991524e-05,4.891701973974705e-05,c8563726d22546c79122b65003fcf98357dbad9ee88e8d70e409f736c4bb0cf8,fresh,fresh,False,False,True,True,False,False,False,0,True,True,True,True,True,False,Axes are observational; coincident staleness and error do not by themselves prove causality.
3,7,myopic,hidden_drift,0,1,0.22,9.983312338590622e-05,4.100007936358452e-05,8.833315223455429e-05,2f637ee49ae3e6026a9db5601a57a21a0ff1b0222de51971a4c881d6366a425f,fresh,fresh,False,False,True,True,False,False,False,0,True,True,True,True,True,False,Axes are observational; coincident staleness and error do not by themselves prove causality.
3,7,never,hidden_drift,1,0,0.0,7.459195330739021e-06,7.00005330145359e-06,6.962497718632221e-05,c08936c28a9e7cb67968d151c1ec66817c70a2ac816a55dc30c8f0a946c49f93,fresh,fresh,False,False,True,True,False,False,False,0,True,True,True,True,True,False,Axes are observational; coincident staleness and error do not by themselves prove causality.
3,7,recheck,hidden_drift,2,1,0.22,6.266706623136997e-05,3.258301876485348e-05,3.704219125211239e-05,ee8f19fc749b66535730f08a8cc5249dfccfdc5e7d177011969c03c8f0cba8e1,fresh,fresh,False,False,True,True,False,False,False,0,True,True,True,True,True,False,Axes are observational; coincident staleness and error do not by themselves prove causality.
3,7,ttl,hidden_drift,3,0,0.0,1.6292091459035873e-05,9.542098268866539e-06,5.208281800150871e-05,62b6ebbd0e486005959d4a79d6a03b13b0b674dbfc723ca6a86983b3b91c9af5,fresh,fresh,False,False,True,True,False,False,False,0,True,True,True,True,True,False,Axes are observational; coincident staleness and error do not by themselves prove causality.
3,8,always,hidden_drift,3,2,0.44,2.2249994799494743e-05,6.233295425772667e-05,7.020891644060612e-05,05e20a7a8fa7da7497810a3edc71ca8b982d90380f76c61924fc165d20bae571,fresh,fresh,False,False,True,True,False,False,False,0,True,True,True,True,True,False,Axes are observational; coincident staleness and error do not by themselves prove causality.
3,8,myopic,hidden_drift,4,0,0.0,8.324999362230301e-05,1.0292045772075653e-05,4.650000482797623e-05,a3bdc0fc792c1581b7be5894fd3d6bc47ac44db3eb1d570a2c5333640b6f0ba2,fresh,fresh,False,False,True,True,False,False,False,0,True,True,True,True,True,False,Axes are observational; coincident staleness and error do not by themselves prove causality.
3,8,never,hidden_drift,0,0,0.0,8.95909033715725e-06,1.0584015399217606e-05,5.583977326750755e-06,30a84f1091acffd6dc1715931b65bfbaa6572b2a0c37d427e336595eac2e62d3,fresh,fresh,False,False,False,False,True,False,False,0,False,False,True,False,False,False,Axes are observational; coincident staleness and error do not by themselves prove causality.
3,8,recheck,hidden_drift,1,0,0.0,0.00012570805847644806,1.0999850928783417e-05,5.787517875432968e-05,073e6f399febc5236fd842b4d8c2ff7c53a0a7232394980047fc88f2bc89deb1,fresh,fresh,False,False,True,True,False,False,False,0,True,True,True,True,True,False,Axes are observational; coincident staleness and error do not by themselves prove causality.
3,8,ttl,hidden_drift,2,2,0.44,1.5666941180825233e-05,6.920821033418179e-05,3.0125025659799576e-05,05e20a7a8fa7da7497810a3edc71ca8b982d90380f76c61924fc165d20bae571,fresh,fresh,False,False,True,True,False,False,False,0,True,True,True,True,True,False,Axes are observational; coincident staleness and error do not by themselves prove causality.
3,9,always,hidden_drift,2,2,0.44,7.604085840284824e-05,0.00011658389121294022,0.0001254579983651638,3e928a2a7e3af103a01dfe95f8263ef8bf621bf82473499c2b0b6a1c901e4fb6,fresh,fresh,False,False,True,True,False,False,False,0,True,True,True,True,True,False,Axes are observational; coincident staleness and error do not by themselves prove causality.
3,9,myopic,hidden_drift,3,0,0.0,0.00015954184345901012,1.616613008081913e-05,4.437495954334736e-05,850bec4e550c99913b475f7dbc4971146c70441a1aa90d4dec628824a286e144,fresh,fresh,False,False,True,True,False,False,False,0,True,True,True,True,True,False,Axes are observational; coincident staleness and error do not by themselves prove causality.
3,9,never,hidden_drift,4,0,0.0,7.333001121878624e-06,1.8040882423520088e-05,3.3750198781490326e-05,378b135a504841a44b724c81ba455fe7328efb8e1ee0a15e0bb9d4ac3fc0b3e3,fresh,fresh,False,False,True,True,False,False,False,0,True,True,True,True,True,False,Axes are observational; coincident staleness and error do not by themselves prove causality.
3,9,recheck,hidden_drift,0,1,0.22,0.00016266689635813236,3.2041920349001884e-05,2.7582980692386627e-05,b27a725a815e8a2221b804483adb3514ebac5598e042287ccfcfcd1115befb56,fresh,fresh,False,False,True,True,False,False,False,0,True,True,True,True,True,False,Axes are observational; coincident staleness and error do not by themselves prove causality.
3,9,ttl,hidden_drift,1,0,0.0,9.750016033649445e-06,1.391698606312275e-05,4.2582862079143524e-05,67a5a29ee26c9755c6deaa226d8d59fbf19607030ecdd87616f372e67c8a05d3,fresh,fresh,False,False,True,True,False,False,False,0,True,True,True,True,True,False,Axes are observational; coincident staleness and error do not by themselves prove causality.
3,10,always,hidden_drift,1,2,0.44,1.7292099073529243e-05,5.2416929975152016e-05,4.845880903303623e-05,5ef4776e310aaecbe5eacd0dc47f116c191bec8696625f00d5a2b7716efe0fd0,fresh,fresh,False,False,True,True,False,False,False,0,True,True,True,True,True,False,Axes are observational; coincident staleness and error do not by themselves prove causality.
3,10,myopic,hidden_drift,2,1,0.22,3.724987618625164e-05,3.787502646446228e-05,4.695798270404339e-05,6cb2c722503d773673103f4537475a8a66f1ba5324a2de38b27b5ca44340617c,fresh,fresh,False,False,True,True,False,False,False,0,True,True,True,True,True,False,Axes are observational; coincident staleness and error do not by themselves prove causality.
3,10,never,hidden_drift,3,0,0.0,9.417068213224411e-06,1.054094173014164e-05,6.17089681327343e-05,513098fd21584318ea2937b7687068e372168bb6152bdc8bd8efc9f96b33b1ec,fresh,fresh,False,False,True,True,False,False,False,0,True,True,True,True,True,False,Axes are observational; coincident staleness and error do not by themselves prove causality.
3,10,recheck,hidden_drift,4,1,0.22,0.00012116599828004837,7.745902985334396e-05,5.274987779557705e-05,850512cd763b340668aa652e7ab65087913f6042ffc9833e4870521f3b79d030,fresh,fresh,False,False,True,True,False,False,False,0,True,True,True,True,True,False,Axes are observational; coincident staleness and error do not by themselves prove causality.
3,10,ttl,hidden_drift,0,0,0.0,3.38749960064888e-05,7.6249707490205765e-06,7.279193960130215e-05,c5bf955597a4fb9485bd4d836960c930e5fdd3d6b396225fa3331832cdf5215c,fresh,fresh,False,False,True,True,False,False,False,0,True,True,True,True,True,False,Axes are observational; coincident staleness and error do not by themselves prove causality.
3,11,always,hidden_drift,0,2,0.44,3.187498077750206e-05,4.7625042498111725e-05,4.316703416407108e-05,71fb27a0fcfd2af528933b4f2097fa692f4ec27fac019591e760b5107d73135e,fresh,fresh,False,False,True,True,False,False,False,0,True,True,True,True,True,False,Axes are observational; coincident staleness and error do not by themselves prove causality.
3,11,myopic,hidden_drift,1,0,0.0,5.295802839100361e-05,1.1499971151351929e-05,3.9499951526522636e-05,2b8e158c9f9c5bdc1cfc8cad8a3a02fd790f6956d6cdfc9d460198c4a667a71d,fresh,fresh,False,False,True,True,False,False,False,0,True,True,True,True,True,False,Axes are observational; coincident staleness and error do not by themselves prove causality.
3,11,never,hidden_drift,2,0,0.0,8.624978363513947e-06,2.49580480158329e-05,5.087489262223244e-05,b2797d3af1f16deb0556d4406506235b75d87ec4a2ecdb6c1a1111975c515154,fresh,fresh,False,False,True,True,False,False,False,0,True,True,True,True,True,False,Axes are observational; coincident staleness and error do not by themselves prove causality.
3,11,recheck,hidden_drift,3,0,0.0,5.9999991208314896e-05,1.8999911844730377e-05,4.479195922613144e-05,aafb8097ab06db4b64b8b816f2ab1f3d701f5ced0cdf7a58b6206b02723fab14,fresh,fresh,False,False,True,True,False,False,False,0,True,True,True,True,True,False,Axes are observational; coincident staleness and error do not by themselves prove causality.
3,11,ttl,hidden_drift,4,2,0.44,1.6999896615743637e-05,0.00011612498201429844,3.0209077522158623e-05,71fb27a0fcfd2af528933b4f2097fa692f4ec27fac019591e760b5107d73135e,fresh,fresh,False,False,True,True,False,False,False,0,True,True,True,True,True,False,Axes are observational; coincident staleness and error do not by themselves prove causality.
